customer_name,projet,status,Fail Cause ,action,start_date,target_completion_date,customer_id,customer_wanted_outputs,business_system,apps_inventory,db_inventory,legacy_systems,priority_rank,flex_readiness,industry,ospc_infra_size,reference_architecture,wave,flex_readiness_score,region,business_blast_radius,stack_category,migration_method,ospc_vm_count,size_rank,os_package,runtimes,env,legacy_package,os_versions,resource_summary,resource_breakdown,ospc_auth_url,ospc_username,ospc_tenant_id,ospc_region,ospc_master_ip_or_fqdn,ospc_openrc_status,flex_auth_url,flex_username,flex_project_id,flex_domain,flex_target_region,flex_openrc_status,flex_app_credential_id,target_cluster_template,lb_validation_required,credential_readiness,stage_gate_notes
RAX,OS2FLEX POC,In progress,,Continue,25/03/2026,ASAP,OSPC2FLEX migration Origin POC,"Low-downtime migration, performance parity, clean rollback, full validation evidence",Customer-facing digital platform with supporting APIs and data services,Web frontend; API gateway; core business API; worker service; admin console,PostgreSQL or MySQL primary + replica; Redis cache,Legacy batch job server; file-based integration; old auth bridge,1,FLEX Ready,Internal / Cloud Migration,Medium,"2 front end, 2 back end, 3 DB, 48 total resources",Wave 0,100,DFW3,Important,Frontend + API + DB,Replatform,7,2,nginx/apache + python/java runtime + db client,Modern web/app + DB runtimes,poc / migration-lab,Minimal legacy blockers,Ubuntu 22.04 / RHEL 8/9 equivalent,48 resources total,database_instance=15 (31.3%); block_storage_volume=9 (18.8%); cloud_server=8 (16.7%); ha_database_group=4 (8.3%); database_backup=3 (6.3%),https://identity.api.rackspacecloud.com/v2.0/,cust poc.ops,83eee0b669306f0fdc39759849bb65ae,uk LON — London (UK),k8s-master-rax.ospc.local,Imported,https://keystone.api.dfw3.rackspacecloud.com/v3/,cust poc.ops,2cc5690b7f5f8a8547567db1addcbcd0,rackspace_cloud_domain,us ORD1 — Chicago (US),Validated,eeb22634b881df8904003952668529b8,magnum-k8s-prod-template,Yes,Ready,"Validate template, create cluster, run restore, then perform LB test"
GlobeX SaaS Cloud,,In progress,,Continue,2026-03-01,2026-03-31,CUST-2013,"Low-downtime migration, performance parity, clean rollback, full validation evidence",Customer-facing digital platform with supporting APIs and data services,Web frontend; API gateway; core business API; worker service; admin console,PostgreSQL or MySQL primary + replica; Redis cache,Legacy batch job server; file-based integration; old auth bridge,14,FLEX Ready,SaaS,Medium,"2 frontend, 3 API, 1 DB, workers",Wave 4,87,IAD3,Secondary,Frontend + API + DB,Rehost,6,2,python3 + gunicorn/uvicorn + nginx,Python 3.11,prod,None / low,Ubuntu 22.04/24.04,,,https://identity.api.rackspacecloud.com/v2.0/,cust2013.ops,c38e876dc14b4ad65028fc82e9b5ecf4,uk LON — London (UK),k8s-master-globex-saas-cloud.ospc.local,Imported,https://keystone.api.dfw3.rackspacecloud.com/v3/,cust2013.ops,8edb7f86cd1d50513aecc9c6b746d3b3,rackspace_cloud_domain,us ORD1 — Chicago (US),Validated,ec4b69cf2784e7211f04fb8224e97e11,magnum-k8s-ha-template,Yes,Ready,"Validate template, create cluster, run restore, then perform LB test"
Rex Hospitality Bookings,,In progress,,Continue,2026-03-04,2026-04-03,CUST-2014,"No booking loss, search parity, channel sync continuity, weekend cutover","Reservation, booking, and channel management system",Vue booking UI; Node.js booking API; pricing engine; housekeeping worker; partner API gateway,MySQL primary + replica; Redis cache; Elasticsearch for search,SOAP PMS connector; nightly CSV rate importer; old reporting VM,15,FLEX Ready,Hotels,Medium,"2 frontend, 3 backend, 1 DB, Redis",Wave 4,86,ORD1,Secondary,Headless Web App,Relocate,7,2,standard app packages + db client,Modern supported runtime,prod,Low,Ubuntu 22.04 or RHEL 8/9,,,https://identity.api.rackspacecloud.com/v2.0/,cust2014.ops,94cbcf302c7cde5de56d228f147f3611,us IAD — Northern Virginia (US),k8s-master-rex-hospitality-book.ospc.local,Imported,https://keystone.api.dfw3.rackspacecloud.com/v3/,cust2014.ops,8159fe76faeaccbc1334bb92dd093a6b,rackspace_cloud_domain,us DFW3 — Dallas/Fort Worth Legacy (US),Validated,ab3c2076bc8b3dad3235fad63827662d,magnum-k8s-webapp-template,Yes,Ready,"Validate template, create cluster, run restore, then perform LB test"
Harvest Foods Vendor Portal,,In progress,,Continue,2026-03-07,2026-04-06,CUST-2015,"Low-downtime migration, performance parity, clean rollback, full validation evidence",Customer-facing digital platform with supporting APIs and data services,Web frontend; API gateway; core business API; worker service; admin console,PostgreSQL or MySQL primary + replica; Redis cache,Legacy batch job server; file-based integration; old auth bridge,16,FLEX Ready,Food & Beverage,Medium,"3 app, 1 DB, 1 replica",Wave 4,85,DFW3,Secondary,Django / PostgreSQL,Rehost,5,2,Windows Server base + IIS/.NET,.NET / IIS / MSSQL tools,prod,None / low legacy dependency,Windows Server 2019/2022,,,https://identity.api.rackspacecloud.com/v2.0/,cust2015.ops,b1347112760de8e1d6edfc956d8cc212,us ORD — Chicago (US),k8s-master-harvest-foods-vendor.ospc.local,Imported,https://keystone.api.dfw3.rackspacecloud.com/v3/,cust2015.ops,1356523cb21c28628b71a218cec83f86,rackspace_cloud_domain,us ORD1 — Chicago (US),Validated,903187f07cacb190a0b3e078fa0e085a,magnum-k8s-prod-template,Yes,Ready,"Validate template, create cluster, run restore, then perform LB test"
BrightGov Permit Portal,,In progress,,Continue,2026-03-10,2026-04-09,CUST-2016,"Minimal downtime, complete document preservation, audit logging, security hardening",Citizen permit and workflow processing platform,Citizen web portal; case management API; document worker; approval workflow service,PostgreSQL primary; read replica; object storage for scanned forms,Oracle forms extract; Windows file share; legacy SMTP relay,17,FLEX Ready,Government,Medium,"2 web, 2 app, 1 DB, LB",Wave 4,84,IAD3,Secondary,Modern Web App,Rehost,5,2,python3 + gunicorn/uvicorn + nginx,Python 3.11,prod / controlled,None / low,Ubuntu 22.04/24.04,,,https://identity.api.rackspacecloud.com/v2.0/,cust2016.ops,36245b58eee5beadb23e6da39961950a,us IAD — Northern Virginia (US),k8s-master-brightgov-permit-por.ospc.local,Imported,https://keystone.api.dfw3.rackspacecloud.com/v3/,cust2016.ops,27a9a2c4a2a71b4e165c1897b9cb25b6,rackspace_cloud_domain,us DFW3 — Dallas/Fort Worth Legacy (US),Validated,b814363e3bde2672216b3a1d5f66108a,magnum-k8s-ha-template,Yes,Ready,"Validate template, create cluster, run restore, then perform LB test"
Stark Logistics TMS,,In progress,,Continue,2026-03-13,2026-04-12,CUST-2017,"No shipment interruption, event processing continuity, API compatibility, rollback plan","Transport, crew, and operations management platform",Dispatch portal; routing API; tracking worker; alerting service; partner API,PostgreSQL primary + standby; Redis queue/cache; object storage for manifests,EDI gateway; old route optimizer VM; batch manifest exporter,18,FLEX Ready,Logistics,Medium,"2 frontend, 4 backend, 1 DB, Redis",Wave 5,83,ORD1,Important,N-tier Web App,Relocate,8,2,standard app packages + db client,Modern supported runtime,prod,Low,Ubuntu 22.04 or RHEL 8/9,,,https://identity.api.rackspacecloud.com/v2.0/,cust2017.ops,275331cfd9aea722d80b3d78a44813d7,ap HKG — Hong Kong,k8s-master-stark-logistics-tms.ospc.local,Imported,https://keystone.api.dfw3.rackspacecloud.com/v3/,cust2017.ops,4a3154ec97b89fd3fdab8a7df98051d3,rackspace_cloud_domain,us DFW3 — Dallas/Fort Worth Legacy (US),Validated,8c7eff1fb7057ccbacf7d0cc76fc1209,magnum-k8s-webapp-template,Yes,Ready,"Validate template, create cluster, run restore, then perform LB test"
Helio Manufacturing MES,,In progress,,Continue,2026-03-16,2026-04-15,CUST-2018,"Keep plant feeds online, preserve schedules, validated replica sync, low-risk cutover",Manufacturing execution and plant operations platform,Ops console; MES API; job scheduler; IoT ingestion worker; reporting API,PostgreSQL primary + replica; Redis; time-series data store metadata,Plant OPC connector; Windows historian export; old batch scheduler,19,FLEX Ready,Manufacturing,Medium,"3 app, 1 DB primary, 1 replica",Wave 5,82,DFW3,Important,Java App + DB,Rehost,8,2,JDK + app server + db client,Java 17 / Spring Boot / Tomcat,prod,None / low,RHEL 8/9 or Ubuntu 22.04,,,https://identity.api.rackspacecloud.com/v2.0/,cust2018.ops,b83852d1d8a6586dba6536342e85148c,us IAD — Northern Virginia (US),k8s-master-helio-manufacturing-.ospc.local,Imported,https://keystone.api.dfw3.rackspacecloud.com/v3/,cust2018.ops,49d252ad1d74b4d134cd5b058aee0349,rackspace_cloud_domain,us ORD1 — Chicago (US),Validated,5f5c25d2e224a82785980711d05c1b0f,magnum-k8s-prod-template,Yes,Ready,"Validate template, create cluster, run restore, then perform LB test"
Nova Health App Platform,,In progress,,Continue,2026-03-19,2026-04-18,CUST-2019,"Zero-data-loss cutover, HIPAA-ready target, API latency <150ms, documented rollback",Patient engagement and clinical integration platform,React patient portal; FastAPI member API; HL7/FHIR integration worker; notification service; admin console,PostgreSQL primary + replica; Redis session cache; object storage for documents,Legacy on-prem EMR connector; batch claims export job; SMB file drop,20,FLEX Ready,Healthcare,Medium,"3 API, 2 workers, 1 DB",Wave 5,81,IAD3,Important,API + Worker + DB,Replatform,9,2,python3 + gunicorn/uvicorn + nginx,Python 3.11,prod / regulated,None / low,Ubuntu 22.04/24.04,,,https://identity.api.rackspacecloud.com/v2.0/,cust2019.ops,29d172a6a4123e52a3ce074ee4a6876a,ap HKG — Hong Kong,k8s-master-nova-health-app-plat.ospc.local,Imported,https://keystone.api.dfw3.rackspacecloud.com/v3/,cust2019.ops,c0a86e0cb67d15dcd51ba22396390317,rackspace_cloud_domain,us DFW3 — Dallas/Fort Worth Legacy (US),Validated,03d62da0c77d3d199d414c90d6158fcd,magnum-k8s-ha-template,Yes,Ready,"Validate template, create cluster, run restore, then perform LB test"
Atlas Retail OMS,,In progress,,Continue,2026-03-22,2026-04-21,CUST-2020,"Preserve checkout flow, no order loss, search/index parity, fast rollback",Order management and digital commerce platform,Storefront frontend; catalog API; order API; payment adapter; inventory sync worker,MySQL primary + replica; Redis cache; OpenSearch catalog index,FTP supplier feed; old Magento integration; cron-based stock sync,21,FLEX Ready,Retail,Medium,"2 frontend, 4 API, search, Redis",Wave 5,80,ORD1,Important,Headless Commerce,Replatform,10,2,standard app packages + db client,Modern supported runtime,prod,Low,Ubuntu 22.04 or RHEL 8/9,,,https://identity.api.rackspacecloud.com/v2.0/,cust2020.ops,dd4ec903082890d3a9125dd963b97d79,us ORD — Chicago (US),k8s-master-atlas-retail-oms.ospc.local,Imported,https://keystone.api.dfw3.rackspacecloud.com/v3/,cust2020.ops,56f8054ca7b4ba426191c1482c8f7c11,rackspace_cloud_domain,uk LON1 — London (UK),Validated,6077d2b740e57e6482746216c118a321,magnum-k8s-webapp-template,Yes,Ready,"Validate template, create cluster, run restore, then perform LB test"
Massive Dynamic ERP Lite,,In progress,,Continue,2026-03-25,2026-04-24,CUST-2021,"Low-downtime migration, performance parity, clean rollback, full validation evidence",Customer-facing digital platform with supporting APIs and data services,Web frontend; API gateway; core business API; worker service; admin console,PostgreSQL or MySQL primary + replica; Redis cache,Legacy batch job server; file-based integration; old auth bridge,22,FLEX Ready,Enterprise IT,Medium,"3 app, 1 DB primary, 1 replica",Wave 6,79,DFW3,Core,IIS / App / SQL,Relocate,8,2,Windows Server base + IIS/.NET,.NET / IIS / MSSQL tools,prod,None / low legacy dependency,Windows Server 2019/2022,,,https://identity.api.rackspacecloud.com/v2.0/,cust2021.ops,390c690b5cc2503fea0d67df4f8430a6,ap HKG — Hong Kong,k8s-master-massive-dynamic-erp-.ospc.local,Imported,https://keystone.api.dfw3.rackspacecloud.com/v3/,cust2021.ops,3994fbdb82ca082f38ed9e3a8db8c43f,rackspace_cloud_domain,us ORD1 — Chicago (US),Validated,6e2cf89c2dde166ad07628a16a702137,magnum-k8s-prod-template,Yes,Ready,"Validate template, create cluster, run restore, then perform LB test"
Beacon Bank Treasury,,In progress,,Continue,2026-03-28,2026-04-27,CUST-2022,"Near-zero downtime, strong audit trail, validated HA, DR-ready runbook","Core payment, treasury, and risk processing platform",Angular ops portal; Java/Spring payment API; settlement worker; auth service; reporting service,PostgreSQL primary + hot standby; Redis; Kafka topics metadata,COBOL/mainframe settlement feed; SFTP statement exporter; LDAP auth bridge,23,FLEX Ready,Banking,Medium,"4 API, 1 DB, Redis",Wave 6,78,IAD3,Core,API + DB + Cache,Replatform,9,2,python3 + gunicorn/uvicorn + nginx,Python 3.11,prod / regulated,None / low,Ubuntu 22.04/24.04,,,https://identity.api.rackspacecloud.com/v2.0/,cust2022.ops,049715b9835d461e85acf78cd678a00e,uk LON — London (UK),k8s-master-beacon-bank-treasury.ospc.local,Imported,https://keystone.api.dfw3.rackspacecloud.com/v3/,cust2022.ops,837073e4dfa0383bd0b39d7ddd79160e,rackspace_cloud_domain,us DFW3 — Dallas/Fort Worth Legacy (US),Validated,046ae7d353346b1f57a5b2c6aea3b104,magnum-k8s-ha-template,Yes,Ready,"Validate template, create cluster, run restore, then perform LB test"
OrbitAir Revenue Core,,In progress,,Continue,2026-03-31,2026-04-30,CUST-2023,"No shipment interruption, event processing continuity, API compatibility, rollback plan","Transport, crew, and operations management platform",Dispatch portal; routing API; tracking worker; alerting service; partner API,PostgreSQL primary + standby; Redis queue/cache; object storage for manifests,EDI gateway; old route optimizer VM; batch manifest exporter,24,FLEX Ready,Airlines,Medium,"3 app, 1 DB, worker tier",Wave 6,77,ORD1,Core,Java / PostgreSQL,Replatform,8,2,Windows Server base + IIS/.NET,.NET / IIS / MSSQL tools,prod,None / low legacy dependency,Windows Server 2019/2022,,,https://identity.api.rackspacecloud.com/v2.0/,cust2023.ops,546c886a77504e9a9a4af23b4fe69458,us ORD — Chicago (US),k8s-master-orbitair-revenue-cor.ospc.local,Imported,https://keystone.api.dfw3.rackspacecloud.com/v3/,cust2023.ops,1ecc07a3474e6dd628e262f414f66d47,rackspace_cloud_domain,us DFW3 — Dallas/Fort Worth Legacy (US),Validated,a8d6612ea21b5ea2fa1f230dca10216f,magnum-k8s-webapp-template,Yes,Ready,"Validate template, create cluster, run restore, then perform LB test"
PrimeTel Billing,,In progress,,Continue,2026-04-03,2026-05-03,CUST-2024,"No billing gaps, identity continuity, message backlog cleared, HA verified","Subscriber identity, billing, and mediation platform",Subscriber UI; billing API; rating engine; mediation worker; identity service,MariaDB Galera or MySQL primary/replica; Redis; Kafka mediation topics,RADIUS bridge; old mediation collector; batch CDR parser,25,FLEX Ready,Telecom,Medium,"2 web, 3 app, 1 DB",Wave 6,76,DFW3,Core,Modern Web + DB,Relocate,7,2,standard app packages + db client,Modern supported runtime,prod,Low,Ubuntu 22.04 or RHEL 8/9,,,https://identity.api.rackspacecloud.com/v2.0/,cust2024.ops,561ba5d360bc728208ba1035b9aa0d7f,us ORD — Chicago (US),k8s-master-primetel-billing.ospc.local,Imported,https://keystone.api.dfw3.rackspacecloud.com/v3/,cust2024.ops,13e1d5d45ac3cc21cfe2e8179686fcd0,rackspace_cloud_domain,us DFW3 — Dallas/Fort Worth Legacy (US),Validated,dd756ddf257572d79be68661a5a75e32,magnum-k8s-prod-template,Yes,Ready,"Validate template, create cluster, run restore, then perform LB test"
OmniMedia Streaming CMS,,In progress,,Continue,2026-04-06,2026-05-06,CUST-2025,"Publishing continuity, auth stability, queue drain validation, no metadata loss",Content management and streaming control platform,CMS UI; media API; transcoding worker; auth service; notification service,PostgreSQL primary; Redis; object storage for media metadata,Legacy CMS admin VM; NFS media share; old transcoder queue,26,FLEX Ready,Media,Large,"4 frontend, 6 app, 2 DB, Redis",Wave 7,75,IAD3,Secondary,N-tier Media Platform,Rehost,14,3,standard app packages + db client,Modern supported runtime,prod,Low,Ubuntu 22.04 or RHEL 8/9,,,https://identity.api.rackspacecloud.com/v2.0/,cust2025.ops,ad02faf8a5f0869b4bbbed88886121fe,uk LON — London (UK),k8s-master-omnimedia-streaming-.ospc.local,Imported,https://keystone.api.dfw3.rackspacecloud.com/v3/,cust2025.ops,9a1fda792fb74d2bc7da2f333e90afde,rackspace_cloud_domain,us ORD1 — Chicago (US),Validated,189882a23cc381133d71491f402fb103,magnum-k8s-ha-template,Yes,Ready,"Validate template, create cluster, run restore, then perform LB test"
CampusOne Digital Learning,,In progress,,Continue,2026-04-09,2026-05-09,CUST-2026,"Term-safe migration window, SSO continuity, content integrity, user acceptance sign-off",Learning delivery and student administration platform,Student portal; LMS API; quiz worker; video processing worker; admin dashboard,PostgreSQL primary + replica; Redis sessions; object storage for course assets,Moodle plugin bridge; SIS nightly import; legacy SAML IdP integration,27,FLEX Ready,Education,Large,"4 frontend, 8 services, 2 DBs",Wave 7,74,ORD1,Secondary,Microservices Lite,Replatform,15,3,container runtime + k8s tools + csi client,Docker / Kubernetes / service runtimes,prod,Legacy container images possible,"RHEL 8/9, Ubuntu 22.04, K8s-supported nodes",,,https://identity.api.rackspacecloud.com/v2.0/,cust2026.ops,518165a7a5f7178219c90fe83f79e074,us IAD — Northern Virginia (US),k8s-master-campusone-digital-le.ospc.local,Imported,https://keystone.api.dfw3.rackspacecloud.com/v3/,cust2026.ops,6019391d5864e1454fe0fe03bbfbdd7a,rackspace_cloud_domain,us DFW3 — Dallas/Fort Worth Legacy (US),Validated,4daa5bf3d708dd99020395a9a520752b,magnum-k8s-webapp-template,Yes,Ready,"Validate template, create cluster, run restore, then perform LB test"
ShopVerse Marketplace Ops,,In progress,,Continue,2026-04-12,2026-05-12,CUST-2027,"No shipment interruption, event processing continuity, API compatibility, rollback plan","Transport, crew, and operations management platform",Dispatch portal; routing API; tracking worker; alerting service; partner API,PostgreSQL primary + standby; Redis queue/cache; object storage for manifests,EDI gateway; old route optimizer VM; batch manifest exporter,28,FLEX Ready,Marketplace,Large,"4 frontend, 6 API, 2 DBs, search",Wave 7,73,DFW3,Secondary,Headless Commerce,Replatform,16,3,standard app packages + db client,Modern supported runtime,prod,Low,Ubuntu 22.04 or RHEL 8/9,,,https://identity.api.rackspacecloud.com/v2.0/,cust2027.ops,27f607f58f8323869cdd8131a02df801,us ORD — Chicago (US),k8s-master-shopverse-marketplac.ospc.local,Imported,https://keystone.api.dfw3.rackspacecloud.com/v3/,cust2027.ops,5701d37c5bbd428d55cf38dc68ee4672,rackspace_cloud_domain,us ORD1 — Chicago (US),Validated,47a9afd569659af28ac534fa7e9f48cf,magnum-k8s-prod-template,Yes,Ready,"Validate template, create cluster, run restore, then perform LB test"
BlueGrid Energy Portal,,In progress,,Continue,2026-04-15,2026-05-15,CUST-2028,"Low-downtime migration, performance parity, clean rollback, full validation evidence",Customer-facing digital platform with supporting APIs and data services,Web frontend; API gateway; core business API; worker service; admin console,PostgreSQL or MySQL primary + replica; Redis cache,Legacy batch job server; file-based integration; old auth bridge,29,FLEX Ready,Energy,Large,"K8s apps, PVs, DB, LB",Wave 7,72,IAD3,Secondary,Containerized App,Relocate,18,3,container runtime + k8s tools + csi client,Docker / Kubernetes / service runtimes,prod,Legacy container images possible,"RHEL 8/9, Ubuntu 22.04, K8s-supported nodes",,,https://identity.api.rackspacecloud.com/v2.0/,cust2028.ops,c76b14e294509d75cc288d09b9a8653e,uk LON — London (UK),k8s-master-bluegrid-energy-port.ospc.local,Imported,https://keystone.api.dfw3.rackspacecloud.com/v3/,cust2028.ops,2825cd91d726dfb62502a4d634b09f8a,rackspace_cloud_domain,uk LON1 — London (UK),Validated,ac0b3d4a629d4ecfcd770819c5048562,magnum-k8s-ha-template,Yes,Ready,"Validate template, create cluster, run restore, then perform LB test"
Mercury Commerce Core,,In progress,,Continue,2026-04-18,2026-05-18,CUST-2029,"Preserve checkout flow, no order loss, search/index parity, fast rollback",Order management and digital commerce platform,Storefront frontend; catalog API; order API; payment adapter; inventory sync worker,MySQL primary + replica; Redis cache; OpenSearch catalog index,FTP supplier feed; old Magento integration; cron-based stock sync,30,FLEX Ready,E-Commerce,Large,"4 frontend, 8 API, DB primary+replicas",Wave 8,71,ORD1,Important,Headless Commerce,Replatform,20,3,standard app packages + db client,Modern supported runtime,prod,Low,Ubuntu 22.04 or RHEL 8/9,,,https://identity.api.rackspacecloud.com/v2.0/,cust2029.ops,e12020cc5530c8181163c18c36adfdb7,ap HKG — Hong Kong,k8s-master-mercury-commerce-cor.ospc.local,Imported,https://keystone.api.dfw3.rackspacecloud.com/v3/,cust2029.ops,c135ec9b596a7833f829e426dd035719,rackspace_cloud_domain,us DFW3 — Dallas/Fort Worth Legacy (US),Validated,692c3f9db2114af453b10a88b98f39e6,magnum-k8s-webapp-template,Yes,Ready,"Validate template, create cluster, run restore, then perform LB test"
Civic Services Hub,,In progress,,Continue,2026-04-21,2026-05-21,CUST-2030,"Minimal downtime, complete document preservation, audit logging, security hardening",Citizen permit and workflow processing platform,Citizen web portal; case management API; document worker; approval workflow service,PostgreSQL primary; read replica; object storage for scanned forms,Oracle forms extract; Windows file share; legacy SMTP relay,31,FLEX Ready,Government,Large,"3 web, 6 app, 2 DBs",Wave 8,70,DFW3,Important,N-tier Citizen Services,Relocate,18,3,standard app packages + db client,Modern supported runtime,prod / controlled,Low,Ubuntu 22.04 or RHEL 8/9,,,https://identity.api.rackspacecloud.com/v2.0/,cust2030.ops,09e9847b720e0d9454610cd48e6765c8,uk LON — London (UK),k8s-master-civic-services-hub.ospc.local,Imported,https://keystone.api.dfw3.rackspacecloud.com/v3/,cust2030.ops,cae0f888b003b1275919b662d60c8801,rackspace_cloud_domain,us DFW3 — Dallas/Fort Worth Legacy (US),Validated,6a6e0cc168484361afccb87ccf0d3045,magnum-k8s-prod-template,Yes,Ready,"Validate template, create cluster, run restore, then perform LB test"
Medisphere Patient Platform,,Not started,,START,2026-04-22,2026-05-01,CUST-2031,"Zero-data-loss cutover, HIPAA-ready target, API latency <150ms, documented rollback",Patient engagement and clinical integration platform,React patient portal; FastAPI member API; HL7/FHIR integration worker; notification service; admin console,PostgreSQL primary + replica; Redis session cache; object storage for documents,Legacy on-prem EMR connector; batch claims export job; SMB file drop,32,FLEX Ready,Healthcare,Large,"4 API, workers, DB, cache",Wave 8,69,IAD3,Important,API + Analytics + DB,Replatform,19,3,python3 + gunicorn/uvicorn + nginx,Python 3.11,prod / regulated,None / low,Ubuntu 22.04/24.04,,,https://identity.api.rackspacecloud.com/v2.0/,cust2031.ops,780fc0362a19d7ee29f93846d8765a31,ap HKG — Hong Kong,k8s-master-medisphere-patient-p.ospc.local,Imported,https://keystone.api.dfw3.rackspacecloud.com/v3/,cust2031.ops,c1caf85073f4a8f1ddc3606a93e7a714,rackspace_cloud_domain,us DFW3 — Dallas/Fort Worth Legacy (US),Validated,ffbe68c8a0020185be037e612c0bee0e,magnum-k8s-ha-template,Yes,Ready,"Validate template, create cluster, run restore, then perform LB test"
IronWorks Supply Chain,,Not started,,START,2026-04-23,2026-05-05,CUST-2032,"Keep plant feeds online, preserve schedules, validated replica sync, low-risk cutover",Manufacturing execution and plant operations platform,Ops console; MES API; job scheduler; IoT ingestion worker; reporting API,PostgreSQL primary + replica; Redis; time-series data store metadata,Plant OPC connector; Windows historian export; old batch scheduler,33,FLEX Ready,Manufacturing,Large,"8 services, queues, DB clusters",Wave 8,68,ORD1,Important,Microservices,Replatform,22,3,container runtime + k8s tools + csi client,Docker / Kubernetes / service runtimes,prod,Legacy container images possible,"RHEL 8/9, Ubuntu 22.04, K8s-supported nodes",,,https://identity.api.rackspacecloud.com/v2.0/,cust2032.ops,c77ca0d681e92c06540c7fc8d32dd063,uk LON — London (UK),k8s-master-ironworks-supply-cha.ospc.local,Imported,https://keystone.api.dfw3.rackspacecloud.com/v3/,cust2032.ops,cdefdc270e1714f08c5723bed6ef8f61,rackspace_cloud_domain,us DFW3 — Dallas/Fort Worth Legacy (US),Validated,b59d6fb9a5ca6433c0b29aa973917cec,magnum-k8s-webapp-template,Yes,Ready,"Validate template, create cluster, run restore, then perform LB test"
Global Tech Industries ERP,,Not started,,START,2026-04-24,2026-05-09,CUST-2033,"Low-downtime migration, performance parity, clean rollback, full validation evidence",Customer-facing digital platform with supporting APIs and data services,Web frontend; API gateway; core business API; worker service; admin console,PostgreSQL or MySQL primary + replica; Redis cache,Legacy batch job server; file-based integration; old auth bridge,34,FLEX Ready,Enterprise IT,Large,"6 app, DB cluster, LB, workers",Wave 9,67,DFW3,Core,ERP + DB Cluster,Replatform,22,3,standard app packages + db client,Modern supported runtime,prod,Low,Ubuntu 22.04 or RHEL 8/9,,,https://identity.api.rackspacecloud.com/v2.0/,cust2033.ops,cb31751ae02ce688f099881d6ccf4f0d,ap HKG — Hong Kong,k8s-master-global-tech-industri.ospc.local,Imported,https://keystone.api.dfw3.rackspacecloud.com/v3/,cust2033.ops,4dd423092e9a7a56190fec94b1d5b7a2,rackspace_cloud_domain,us ORD1 — Chicago (US),Validated,8a1ec336715e9ef0991db37d12064a06,magnum-k8s-prod-template,Yes,Ready,"Validate template, create cluster, run restore, then perform LB test"
TitanBank Payments Hub,,Not started,,START,2026-04-25,2026-05-13,CUST-2034,"Near-zero downtime, strong audit trail, validated HA, DR-ready runbook","Core payment, treasury, and risk processing platform",Angular ops portal; Java/Spring payment API; settlement worker; auth service; reporting service,PostgreSQL primary + hot standby; Redis; Kafka topics metadata,COBOL/mainframe settlement feed; SFTP statement exporter; LDAP auth bridge,35,FLEX Ready,Banking / Payments,Large,"8 app, HA DB, Redis, MQ",Wave 9,66,IAD3,Core,Payments Platform,Replatform,24,3,standard app packages + db client,Modern supported runtime,prod / regulated,Low,Ubuntu 22.04 or RHEL 8/9,,,https://identity.api.rackspacecloud.com/v2.0/,cust2034.ops,ecbc5fd4911c0cb277248cdcb7305bcc,us IAD — Northern Virginia (US),k8s-master-titanbank-payments-h.ospc.local,Imported,https://keystone.api.dfw3.rackspacecloud.com/v3/,cust2034.ops,8e797d811aeb52affa8639666e799154,rackspace_cloud_domain,uk LON1 — London (UK),Validated,94ed08b3e5882ec06ae46dc92d4361f0,magnum-k8s-ha-template,Yes,Ready,"Validate template, create cluster, run restore, then perform LB test"
AeroNation Reservations,,Not started,,START,2026-06-26 00:00:00,2026-05-17,CUST-2035,"Low-downtime migration, performance parity, clean rollback, full validation evidence",Customer-facing digital platform with supporting APIs and data services,Web frontend; API gateway; core business API; worker service; admin console,PostgreSQL or MySQL primary + replica; Redis cache,Legacy batch job server; file-based integration; old auth bridge,36,FLEX Ready,Airlines,Large,"6 app, DB primary+replicas, search",Wave 9,65,ORD1,Core,Reservation Platform,Replatform,26,3,standard app packages + db client,Modern supported runtime,prod,Low,Ubuntu 22.04 or RHEL 8/9,,,https://identity.api.rackspacecloud.com/v2.0/,cust2035.ops,b808cc6e3b738f9d8738f4eff926f7d7,us ORD — Chicago (US),k8s-master-aeronation-reservati.ospc.local,Imported,https://keystone.api.dfw3.rackspacecloud.com/v3/,cust2035.ops,b23ee66fcbe73a63f3f041374bc91115,rackspace_cloud_domain,us DFW3 — Dallas/Fort Worth Legacy (US),Validated,464130ad9698b72fc0f33ec43b38e14c,magnum-k8s-webapp-template,Yes,Ready,"Validate template, create cluster, run restore, then perform LB test"
NationGrid Utility Billing,,Not started,,START,2026-06-27 00:00:00,2026-05-21,CUST-2036,"Low-downtime migration, performance parity, clean rollback, full validation evidence",Customer-facing digital platform with supporting APIs and data services,Web frontend; API gateway; core business API; worker service; admin console,PostgreSQL or MySQL primary + replica; Redis cache,Legacy batch job server; file-based integration; old auth bridge,37,FLEX Ready,Utilities,Large,"5 app, 2 DBs, queue, cache",Wave 9,64,DFW3,Core,Billing Platform,Relocate,20,3,standard app packages + db client,Modern supported runtime,prod,Low,Ubuntu 22.04 or RHEL 8/9,,,https://identity.api.rackspacecloud.com/v2.0/,cust2036.ops,0f2ce21215d15fd1b16dbe0f7039636f,uk LON — London (UK),k8s-master-nationgrid-utility-b.ospc.local,Imported,https://keystone.api.dfw3.rackspacecloud.com/v3/,cust2036.ops,a9ce53c6d3baca1fc1f52e7665892ad0,rackspace_cloud_domain,us ORD1 — Chicago (US),Validated,10156afdd7ba356fbd712725735a3133,magnum-k8s-prod-template,Yes,Ready,"Validate template, create cluster, run restore, then perform LB test"
Heritage Hotels PMS,,Not started,,START,2026-06-28 00:00:00,2026-05-25,CUST-2037,"No booking loss, search parity, channel sync continuity, weekend cutover","Reservation, booking, and channel management system",Vue booking UI; Node.js booking API; pricing engine; housekeeping worker; partner API gateway,MySQL primary + replica; Redis cache; Elasticsearch for search,SOAP PMS connector; nightly CSV rate importer; old reporting VM,38,Partially FLEX Ready,Hotels,Small,"2 app, 1 DB, shared files",Wave 13,63,IAD3,Secondary,Legacy LOB,Rehost -> Refactor,2,1,mixed legacy app packages + db client,Older Java / .NET / PHP mixed,prod-legacy,High legacy coupling,"RHEL/CentOS 7, Windows Server 2012/2016, mixed",,,https://identity.api.rackspacecloud.com/v2.0/,cust2037.ops,0999c07bed88ca1a11cac2ded2bf4502,ap HKG — Hong Kong,k8s-master-heritage-hotels-pms.ospc.local,Imported,https://keystone.api.dfw3.rackspacecloud.com/v3/,cust2037.ops,3186f50ebc8840eaefa05fe79151d0a4,rackspace_cloud_domain,uk LON1 — London (UK),Validated,2401731bcdce501f4f1fe333496c4f64,magnum-k8s-ha-template,Yes,Ready,"Validate template, create cluster, run restore, then perform LB test"
PharmaLink QA,,Not started,,START,2026-06-29 00:00:00,2026-05-29,CUST-2038,"Zero-data-loss cutover, HIPAA-ready target, API latency <150ms, documented rollback",Patient engagement and clinical integration platform,React patient portal; FastAPI member API; HL7/FHIR integration worker; notification service; admin console,PostgreSQL primary + replica; Redis session cache; object storage for documents,Legacy on-prem EMR connector; batch claims export job; SMB file drop,39,Partially FLEX Ready,Healthcare,Small,"2 app, old JVM, 1 DB",Wave 14,62,ORD1,Important,Old Java App,Relocate -> Replatform,2,1,legacy web/app packages,Mixed supported + older runtimes,prod-legacy / regulated,Moderate,"Ubuntu 18.04/20.04, RHEL 7/8, Windows 2016",,,https://identity.api.rackspacecloud.com/v2.0/,cust2038.ops,b52fbc63653ddadde2ff0e7620b84da3,uk LON — London (UK),k8s-master-pharmalink-qa.ospc.local,Imported,https://keystone.api.dfw3.rackspacecloud.com/v3/,cust2038.ops,11b571709b30f2fb856c4f4124cab9fd,rackspace_cloud_domain,us DFW3 — Dallas/Fort Worth Legacy (US),Validated,f35a3fd0956c10d09ebb9227f6e49914,magnum-k8s-webapp-template,Yes,Ready,"Validate template, create cluster, run restore, then perform LB test"
TownBank Branch Ops,,Not started,,START,2026-06-30 00:00:00,2026-06-02,CUST-2039,"Near-zero downtime, strong audit trail, validated HA, DR-ready runbook","Core payment, treasury, and risk processing platform",Angular ops portal; Java/Spring payment API; settlement worker; auth service; reporting service,PostgreSQL primary + hot standby; Redis; Kafka topics metadata,COBOL/mainframe settlement feed; SFTP statement exporter; LDAP auth bridge,40,Partially FLEX Ready,Banking,Small,"2 IIS, 1 DB, shared storage",Wave 15,61,DFW3,Core,Legacy .NET,Relocate -> Replatform,2,1,mixed legacy app packages + db client,Older Java / .NET / PHP mixed,prod-legacy / regulated,High legacy coupling,"RHEL/CentOS 7, Windows Server 2012/2016, mixed",,,https://identity.api.rackspacecloud.com/v2.0/,cust2039.ops,6a5589bc585c6e41bf4973a9bc457309,ap HKG — Hong Kong,k8s-master-townbank-branch-ops.ospc.local,Imported,https://keystone.api.dfw3.rackspacecloud.com/v3/,cust2039.ops,17af6f0fc7a5c873523bcc59911c6705,rackspace_cloud_domain,us DFW3 — Dallas/Fort Worth Legacy (US),Validated,8da788d3cad255502bd1460634b29f8f,magnum-k8s-prod-template,Yes,Ready,"Validate template, create cluster, run restore, then perform LB test"
CargoMesh Planner,,Not started,,START,2026-07-01 00:00:00,2026-06-06,CUST-2040,"No shipment interruption, event processing continuity, API compatibility, rollback plan","Transport, crew, and operations management platform",Dispatch portal; routing API; tracking worker; alerting service; partner API,PostgreSQL primary + standby; Redis queue/cache; object storage for manifests,EDI gateway; old route optimizer VM; batch manifest exporter,41,Partially FLEX Ready,Logistics,Medium,"3 app, DB on same VM, files",Wave 16,60,IAD3,Secondary,Monolith,Refactor,6,2,mixed legacy app packages + db client,Older Java / .NET / PHP mixed,prod-legacy,High legacy coupling,"RHEL/CentOS 7, Windows Server 2012/2016, mixed",,,https://identity.api.rackspacecloud.com/v2.0/,cust2040.ops,bd5138a53c110e4c00d8f44d344dfe30,uk LON — London (UK),k8s-master-cargomesh-planner.ospc.local,Imported,https://keystone.api.dfw3.rackspacecloud.com/v3/,cust2040.ops,5d872d93629f926b417194ffbce65bf7,rackspace_cloud_domain,uk LON1 — London (UK),Validated,93e053eed8f273b575cb43b15d93bd16,magnum-k8s-ha-template,Yes,Ready,"Validate template, create cluster, run restore, then perform LB test"
RetailPro Inventory,,Not started,,START,2026-07-02 00:00:00,2026-06-10,CUST-2041,"Preserve checkout flow, no order loss, search/index parity, fast rollback",Order management and digital commerce platform,Storefront frontend; catalog API; order API; payment adapter; inventory sync worker,MySQL primary + replica; Redis cache; OpenSearch catalog index,FTP supplier feed; old Magento integration; cron-based stock sync,42,Partially FLEX Ready,Retail,Medium,"3 app, embedded DB, reports",Wave 17,59,ORD1,Important,Monolith + DB,Refactor,7,2,mixed legacy app packages + db client,Older Java / .NET / PHP mixed,prod-legacy,High legacy coupling,"RHEL/CentOS 7, Windows Server 2012/2016, mixed",,,https://identity.api.rackspacecloud.com/v2.0/,cust2041.ops,294038bbabfe92912d2e60649e924972,uk LON — London (UK),k8s-master-retailpro-inventory.ospc.local,Imported,https://keystone.api.dfw3.rackspacecloud.com/v3/,cust2041.ops,e7eb3d8884c4e656abb1e8bb744f8e4c,rackspace_cloud_domain,uk LON1 — London (UK),Validated,7e386b4969ff7ce2bf58f13e70b12ff0,magnum-k8s-webapp-template,Yes,Ready,"Validate template, create cluster, run restore, then perform LB test"
FlightDesk Ops,,Not started,,START,2026-07-03 00:00:00,2026-06-14,CUST-2042,"No shipment interruption, event processing continuity, API compatibility, rollback plan","Transport, crew, and operations management platform",Dispatch portal; routing API; tracking worker; alerting service; partner API,PostgreSQL primary + standby; Redis queue/cache; object storage for manifests,EDI gateway; old route optimizer VM; batch manifest exporter,43,Partially FLEX Ready,Airlines,Medium,"4 app, old integrations",Wave 18,58,DFW3,Core,Legacy LOB,Rehost -> Refactor,7,2,mixed legacy app packages + db client,Older Java / .NET / PHP mixed,prod-legacy,High legacy coupling,"RHEL/CentOS 7, Windows Server 2012/2016, mixed",,,https://identity.api.rackspacecloud.com/v2.0/,cust2042.ops,0350c2feaf1e6e4239935832d15f174e,us IAD — Northern Virginia (US),k8s-master-flightdesk-ops.ospc.local,Imported,https://keystone.api.dfw3.rackspacecloud.com/v3/,cust2042.ops,4f7d53447cf1073948b262327429ee92,rackspace_cloud_domain,us ORD1 — Chicago (US),Validated,1394d76f4936b3d9589a617657aa741b,magnum-k8s-prod-template,Yes,Ready,"Validate template, create cluster, run restore, then perform LB test"
CityPermit Enterprise,,Not started,,START,2026-07-04 00:00:00,2026-06-18,CUST-2043,"Minimal downtime, complete document preservation, audit logging, security hardening",Citizen permit and workflow processing platform,Citizen web portal; case management API; document worker; approval workflow service,PostgreSQL primary; read replica; object storage for scanned forms,Oracle forms extract; Windows file share; legacy SMTP relay,44,Partially FLEX Ready,Government,Large,"6 app, DB, file shares, workers",Wave 19,57,IAD3,Secondary,Legacy N-tier,Refactor,15,3,mixed legacy app packages + db client,Older Java / .NET / PHP mixed,prod-legacy / controlled,High legacy coupling,"RHEL/CentOS 7, Windows Server 2012/2016, mixed",,,https://identity.api.rackspacecloud.com/v2.0/,cust2043.ops,061ced1379dedc317c48687c48db5538,ap HKG — Hong Kong,k8s-master-citypermit-enterpris.ospc.local,Imported,https://keystone.api.dfw3.rackspacecloud.com/v3/,cust2043.ops,d00fbec2abbb6480a6a4b36e6995fe58,rackspace_cloud_domain,us DFW3 — Dallas/Fort Worth Legacy (US),Validated,a3b16d62d6108ca8b088805ccda59aac,magnum-k8s-ha-template,Yes,Ready,"Validate template, create cluster, run restore, then perform LB test"
OmniCare Claims,,Not started,,START,2026-07-05 00:00:00,2026-06-22,CUST-2044,"Near-zero downtime, strong audit trail, validated HA, DR-ready runbook","Core payment, treasury, and risk processing platform",Angular ops portal; Java/Spring payment API; settlement worker; auth service; reporting service,PostgreSQL primary + hot standby; Redis; Kafka topics metadata,COBOL/mainframe settlement feed; SFTP statement exporter; LDAP auth bridge,45,Partially FLEX Ready,Insurance,Large,"8 app, DB cluster, files",Wave 20,56,ORD1,Important,Monolith ERP,Refactor,18,3,mixed legacy app packages + db client,Older Java / .NET / PHP mixed,prod-legacy,High legacy coupling,"RHEL/CentOS 7, Windows Server 2012/2016, mixed",,,https://identity.api.rackspacecloud.com/v2.0/,cust2044.ops,4ec409a65bd7f0017b06b6060b353330,us IAD — Northern Virginia (US),k8s-master-omnicare-claims.ospc.local,Imported,https://keystone.api.dfw3.rackspacecloud.com/v3/,cust2044.ops,510c9f5e8adab62c784cf78ef369ce61,rackspace_cloud_domain,us DFW3 — Dallas/Fort Worth Legacy (US),Validated,8394e89cece378d129e71aec1d376427,magnum-k8s-webapp-template,Yes,Ready,"Validate template, create cluster, run restore, then perform LB test"
Federal Ledger,,Not started,,START,2026-07-06 00:00:00,2026-06-26,CUST-2045,"Minimal downtime, complete document preservation, audit logging, security hardening",Citizen permit and workflow processing platform,Citizen web portal; case management API; document worker; approval workflow service,PostgreSQL primary; read replica; object storage for scanned forms,Oracle forms extract; Windows file share; legacy SMTP relay,46,Partially FLEX Ready,Government / Finance,Large,"8 app, DB cluster, MQ",Wave 21,55,DFW3,Core,ERP Monolith,Replatform,20,3,mixed legacy app packages + db client,Older Java / .NET / PHP mixed,prod-legacy / controlled,High legacy coupling,"RHEL/CentOS 7, Windows Server 2012/2016, mixed",,,https://identity.api.rackspacecloud.com/v2.0/,cust2045.ops,0e3f507d509c2b9d93af8f2d0ce2a0d7,ap HKG — Hong Kong,k8s-master-federal-ledger.ospc.local,Imported,https://keystone.api.dfw3.rackspacecloud.com/v3/,cust2045.ops,f2dfcaf93e4962071b35b5f1baf0756c,rackspace_cloud_domain,us ORD1 — Chicago (US),Validated,903456e75e45ab5805a2bbc11fcf2bae,magnum-k8s-prod-template,Yes,Ready,"Validate template, create cluster, run restore, then perform LB test"
GlobalSaaS Multi-Region,,Not started,,START,2026-07-07 00:00:00,2026-06-30,CUST-2046,"Low-downtime migration, performance parity, clean rollback, full validation evidence",Customer-facing digital platform with supporting APIs and data services,Web frontend; API gateway; core business API; worker service; admin console,PostgreSQL or MySQL primary + replica; Redis cache,Legacy batch job server; file-based integration; old auth bridge,47,Partially FLEX Ready,SaaS,Very Large / Highly Interconnected,"20 services, PVs, search, MQ",Wave 22,54,IAD3,Secondary,Microservices + Stateful,Replatform,30,4,container runtime + legacy storage plugins,Mixed runtimes across services,prod-hybrid,Old images / old CSI / custom agents,Mixed Linux versions,,,https://identity.api.rackspacecloud.com/v2.0/,cust2046.ops,72bbd12a2f53d7dc435aa27dbf35b1c7,ap HKG — Hong Kong,k8s-master-globalsaas-multi-reg.ospc.local,Imported,https://keystone.api.dfw3.rackspacecloud.com/v3/,cust2046.ops,453cf29ab753029a2fb4cfc18a61499a,rackspace_cloud_domain,us ORD1 — Chicago (US),Validated,8ba30ea0973b3555313170574e43a9ba,magnum-k8s-ha-template,Yes,Ready,"Validate template, create cluster, run restore, then perform LB test"
TransWorld Commerce Mesh,,Not started,,START,2026-07-08 00:00:00,2026-07-04,CUST-2047,"Low-downtime migration, performance parity, clean rollback, full validation evidence",Customer-facing digital platform with supporting APIs and data services,Web frontend; API gateway; core business API; worker service; admin console,PostgreSQL or MySQL primary + replica; Redis cache,Legacy batch job server; file-based integration; old auth bridge,48,Partially FLEX Ready,Marketplace,Very Large / Highly Interconnected,"25 services, DB domains, cache, queues",Wave 23,53,ORD1,Important,Distributed Commerce,Replatform,32,4,legacy web/app packages,Mixed supported + older runtimes,prod-legacy,Moderate,"Ubuntu 18.04/20.04, RHEL 7/8, Windows 2016",,,https://identity.api.rackspacecloud.com/v2.0/,cust2047.ops,540b7e32976a3907a8781d1a8c34a89c,us ORD — Chicago (US),k8s-master-transworld-commerce-.ospc.local,Imported,https://keystone.api.dfw3.rackspacecloud.com/v3/,cust2047.ops,30f1df48d4263920e82fb956f7fea1ed,rackspace_cloud_domain,us DFW3 — Dallas/Fort Worth Legacy (US),Validated,acea372fb8c8a4886af6075696e4d58e,magnum-k8s-webapp-template,Yes,Ready,"Validate template, create cluster, run restore, then perform LB test"
MegaBank Risk Platform,,Not started,,START,2026-07-09 00:00:00,2026-07-08,CUST-2048,"Near-zero downtime, strong audit trail, validated HA, DR-ready runbook","Core payment, treasury, and risk processing platform",Angular ops portal; Java/Spring payment API; settlement worker; auth service; reporting service,PostgreSQL primary + hot standby; Redis; Kafka topics metadata,COBOL/mainframe settlement feed; SFTP statement exporter; LDAP auth bridge,49,Partially FLEX Ready,Banking,Very Large / Highly Interconnected,"20 app, DB domains, MQ, analytics",Wave 24,52,DFW3,Core,Enterprise Platform,Refactor -> Replatform,35,4,legacy web/app packages,Mixed supported + older runtimes,prod-legacy / regulated,Moderate,"Ubuntu 18.04/20.04, RHEL 7/8, Windows 2016",,,https://identity.api.rackspacecloud.com/v2.0/,cust2048.ops,c35d5f2ad0822b1c6387fafcdc320ed5,us IAD — Northern Virginia (US),k8s-master-megabank-risk-platfo.ospc.local,Imported,https://keystone.api.dfw3.rackspacecloud.com/v3/,cust2048.ops,533661cc5c4cf1f25bfb986502083596,rackspace_cloud_domain,us DFW3 — Dallas/Fort Worth Legacy (US),Validated,ca56e991bd340a037bf90e662b0bdbaf,magnum-k8s-prod-template,Yes,Ready,"Validate template, create cluster, run restore, then perform LB test"
ArchiveDocs Legacy,,Not started,,START,2026-07-10 00:00:00,2026-07-12,CUST-2049,"Low-downtime migration, performance parity, clean rollback, full validation evidence",Customer-facing digital platform with supporting APIs and data services,Web frontend; API gateway; core business API; worker service; admin console,PostgreSQL or MySQL primary + replica; Redis cache,Legacy batch job server; file-based integration; old auth bridge,50,Not Yet FLEX Ready,Legal Services,Small,"1 app, local files, Windows 2008",Wave 25,51,IAD3,Secondary,Old Windows App,Retain / Replace,1,1,legacy Windows app stack,.NET Framework / old IIS / local services,legacy-prod,High,Windows Server 2008/2012,,,https://identity.api.rackspacecloud.com/v2.0/,cust2049.ops,2c394bd9bf8a0e2c28ab1bce33961c1b,ap HKG — Hong Kong,k8s-master-archivedocs-legacy.ospc.local,Imported,https://keystone.api.dfw3.rackspacecloud.com/v3/,cust2049.ops,04052cea070b50800b6fafdf6e7724f7,rackspace_cloud_domain,uk LON1 — London (UK),Validated,6310581619750d735c1d344a57e1f360,magnum-k8s-ha-template,Yes,Ready,"Validate template, create cluster, run restore, then perform LB test"
ClassicERP Light,,Not started,,START,2026-07-11 00:00:00,2026-07-16,CUST-2050,"Keep plant feeds online, preserve schedules, validated replica sync, low-risk cutover",Manufacturing execution and plant operations platform,Ops console; MES API; job scheduler; IoT ingestion worker; reporting API,PostgreSQL primary + replica; Redis; time-series data store metadata,Plant OPC connector; Windows historian export; old batch scheduler,51,Not Yet FLEX Ready,Manufacturing,Small,"1 app, 1 DB, old OS",Wave 26,50,ORD1,Important,Old ERP,Replatform / Replace,1,1,obsolete app packages + db client,Old Java / old PHP / old app server,legacy-prod,Very high,"RHEL 6/7, CentOS 6/7, Ubuntu 16.04/18.04, mixed",,,https://identity.api.rackspacecloud.com/v2.0/,cust2050.ops,9585579313d7c8b4cdfcef5219972358,us IAD — Northern Virginia (US),k8s-master-classicerp-light.ospc.local,Imported,https://keystone.api.dfw3.rackspacecloud.com/v3/,cust2050.ops,76ff0376b6cd36e06aa4f3eea830bc5a,rackspace_cloud_domain,us DFW3 — Dallas/Fort Worth Legacy (US),Validated,be54ff400194e135dfe18d99983fd4fc,magnum-k8s-webapp-template,Yes,Ready,"Validate template, create cluster, run restore, then perform LB test"
BranchCore 2008,,Not started,,START,2026-07-12 00:00:00,2026-07-20,CUST-2051,"Near-zero downtime, strong audit trail, validated HA, DR-ready runbook","Core payment, treasury, and risk processing platform",Angular ops portal; Java/Spring payment API; settlement worker; auth service; reporting service,PostgreSQL primary + hot standby; Redis; Kafka topics metadata,COBOL/mainframe settlement feed; SFTP statement exporter; LDAP auth bridge,52,Not Yet FLEX Ready,Banking,Small,"1 app, local DB, Windows 2008",Wave 27,49,DFW3,Core,Legacy Windows Core,Retain / Replatform,1,1,legacy Windows app stack,.NET Framework / old IIS / local services,legacy-prod / regulated,High,Windows Server 2008/2012,,,https://identity.api.rackspacecloud.com/v2.0/,cust2051.ops,f23138afe70726d83cee3febfc9e5275,ap HKG — Hong Kong,k8s-master-branchcore-2008.ospc.local,Imported,https://keystone.api.dfw3.rackspacecloud.com/v3/,cust2051.ops,2499103b8f97101742bf9ffc535edd9c,rackspace_cloud_domain,us DFW3 — Dallas/Fort Worth Legacy (US),Validated,1597880b02678db338e1200b55108cb2,magnum-k8s-prod-template,Yes,Ready,"Validate template, create cluster, run restore, then perform LB test"
PlantOps Classic,,Not started,,START,2026-07-13 00:00:00,2026-07-24,CUST-2052,"Keep plant feeds online, preserve schedules, validated replica sync, low-risk cutover",Manufacturing execution and plant operations platform,Ops console; MES API; job scheduler; IoT ingestion worker; reporting API,PostgreSQL primary + replica; Redis; time-series data store metadata,Plant OPC connector; Windows historian export; old batch scheduler,53,Not Yet FLEX Ready,Manufacturing,Medium,"3 app, old DB, SMB shares",Wave 28,48,IAD3,Secondary,Old LOB,Refactor / Replace,4,2,obsolete app packages + db client,Old Java / old PHP / old app server,legacy-prod,Very high,"RHEL 6/7, CentOS 6/7, Ubuntu 16.04/18.04, mixed",,,https://identity.api.rackspacecloud.com/v2.0/,cust2052.ops,387bcb3f44cc684c94cf3710d7e18ffd,uk LON — London (UK),k8s-master-plantops-classic.ospc.local,Imported,https://keystone.api.dfw3.rackspacecloud.com/v3/,cust2052.ops,bb49b402b390da28a49ead9a1f081e7d,rackspace_cloud_domain,uk LON1 — London (UK),Validated,6907bf921b4be84ae23ddf1235ee3a0a,magnum-k8s-ha-template,Yes,Ready,"Validate template, create cluster, run restore, then perform LB test"
MediArchive Imaging,,Not started,,START,2026-07-14 00:00:00,2026-07-28,CUST-2053,"Zero-data-loss cutover, HIPAA-ready target, API latency <150ms, documented rollback",Patient engagement and clinical integration platform,React patient portal; FastAPI member API; HL7/FHIR integration worker; notification service; admin console,PostgreSQL primary + replica; Redis session cache; object storage for documents,Legacy on-prem EMR connector; batch claims export job; SMB file drop,54,Not Yet FLEX Ready,Healthcare,Medium,"appliance VM, proprietary storage",Wave 29,47,ORD1,Important,Xen-bound Appliance,Retain / Integrate,5,2,vendor appliance / proprietary stack,Vendor runtime / proprietary services,legacy-prod / regulated,Critical proprietary package set,Appliance OS / mainframe / proprietary,,,https://identity.api.rackspacecloud.com/v2.0/,cust2053.ops,d2a34bedffc5f146339d32fe2cabca20,us ORD — Chicago (US),k8s-master-mediarchive-imaging.ospc.local,Imported,https://keystone.api.dfw3.rackspacecloud.com/v3/,cust2053.ops,3aaae8d70f000235639c403e524542e3,rackspace_cloud_domain,us DFW3 — Dallas/Fort Worth Legacy (US),Validated,dfd33b740d5dc1829d590cd5dfc543ab,magnum-k8s-webapp-template,Yes,Ready,"Validate template, create cluster, run restore, then perform LB test"
AirOps Legacy Dispatch,,Not started,,START,2026-07-15 00:00:00,2026-08-01,CUST-2054,"No shipment interruption, event processing continuity, API compatibility, rollback plan","Transport, crew, and operations management platform",Dispatch portal; routing API; tracking worker; alerting service; partner API,PostgreSQL primary + standby; Redis queue/cache; object storage for manifests,EDI gateway; old route optimizer VM; batch manifest exporter,55,Not Yet FLEX Ready,Airlines,Medium,"4 app, DB embedded, files",Wave 30,46,DFW3,Core,Old Monolith,Refactor / Replatform,6,2,obsolete app packages + db client,Old Java / old PHP / old app server,legacy-prod,Very high,"RHEL 6/7, CentOS 6/7, Ubuntu 16.04/18.04, mixed",,,https://identity.api.rackspacecloud.com/v2.0/,cust2054.ops,b4e30c88af035a31347629f304c8c584,us IAD — Northern Virginia (US),k8s-master-airops-legacy-dispat.ospc.local,Imported,https://keystone.api.dfw3.rackspacecloud.com/v3/,cust2054.ops,0c387060696f1af02c5b4177007aa48c,rackspace_cloud_domain,us ORD1 — Chicago (US),Validated,ff764da58b91b4162bd0230b381f9ff4,magnum-k8s-prod-template,Yes,Ready,"Validate template, create cluster, run restore, then perform LB test"
GovRecords Archive,,Not started,,START,2026-07-16 00:00:00,2026-08-05,CUST-2055,"Minimal downtime, complete document preservation, audit logging, security hardening",Citizen permit and workflow processing platform,Citizen web portal; case management API; document worker; approval workflow service,PostgreSQL primary; read replica; object storage for scanned forms,Oracle forms extract; Windows file share; legacy SMTP relay,56,Not Yet FLEX Ready,Government,Large,"6 app, old storage, reports",Wave 31,45,IAD3,Secondary,Legacy Archive Stack,Retire / Archive,12,3,legacy mixed packages,Unsupported / mixed runtime,legacy-prod / controlled,Very high,Mixed obsolete OS,,,https://identity.api.rackspacecloud.com/v2.0/,cust2055.ops,fcc54e220710ebba7d5c280dafeeb3d8,ap HKG — Hong Kong,k8s-master-govrecords-archive.ospc.local,Imported,https://keystone.api.dfw3.rackspacecloud.com/v3/,cust2055.ops,9a2bdecf545857244d50f59f14adc290,rackspace_cloud_domain,us DFW3 — Dallas/Fort Worth Legacy (US),Validated,4272f8847b998575d26407631833bd1e,magnum-k8s-ha-template,Yes,Ready,"Validate template, create cluster, run restore, then perform LB test"
MegaRetail Legacy Commerce,,Not started,,START,2026-07-17 00:00:00,2026-08-09,CUST-2056,"Preserve checkout flow, no order loss, search/index parity, fast rollback",Order management and digital commerce platform,Storefront frontend; catalog API; order API; payment adapter; inventory sync worker,MySQL primary + replica; Redis cache; OpenSearch catalog index,FTP supplier feed; old Magento integration; cron-based stock sync,57,Not Yet FLEX Ready,Retail,Large,"8 app, old search, old DB",Wave 32,44,ORD1,Important,Old Commerce Stack,Replace / Replatform,16,3,obsolete app packages + db client,Old Java / old PHP / old app server,legacy-prod,Very high,"RHEL 6/7, CentOS 6/7, Ubuntu 16.04/18.04, mixed",,,https://identity.api.rackspacecloud.com/v2.0/,cust2056.ops,a5d99cfb8701336747f7b1fc4f162e60,us ORD — Chicago (US),k8s-master-megaretail-legacy-co.ospc.local,Imported,https://keystone.api.dfw3.rackspacecloud.com/v3/,cust2056.ops,cacc298f3810adb1c3751213962a8103,rackspace_cloud_domain,uk LON1 — London (UK),Validated,c2fc2eb4b6940c7cc60538acefe319b7,magnum-k8s-webapp-template,Yes,Ready,"Validate template, create cluster, run restore, then perform LB test"
NationalClaims Main Core,,Not started,,START,2026-07-18 00:00:00,2026-08-13,CUST-2057,"Near-zero downtime, strong audit trail, validated HA, DR-ready runbook","Core payment, treasury, and risk processing platform",Angular ops portal; Java/Spring payment API; settlement worker; auth service; reporting service,PostgreSQL primary + hot standby; Redis; Kafka topics metadata,COBOL/mainframe settlement feed; SFTP statement exporter; LDAP auth bridge,58,Not Yet FLEX Ready,Insurance,Large,"10 app, old DB, file shares",Wave 33,43,DFW3,Core,Custom Main App,Refactor / Replatform,18,3,legacy mixed packages,Unsupported / mixed runtime,legacy-prod,Very high,Mixed obsolete OS,,,https://identity.api.rackspacecloud.com/v2.0/,cust2057.ops,15349b489862f76ce7cbeec2d4ccd18b,us ORD — Chicago (US),k8s-master-nationalclaims-main-.ospc.local,Imported,https://keystone.api.dfw3.rackspacecloud.com/v3/,cust2057.ops,303d56fe3e944ffdbc60564bdcb13791,rackspace_cloud_domain,us DFW3 — Dallas/Fort Worth Legacy (US),Validated,b587a46ddade6b20438e4886155dd966,magnum-k8s-prod-template,Yes,Ready,"Validate template, create cluster, run restore, then perform LB test"
ReportHub Legacy Estate,,failed ,compatibility issues ,Review,2026-07-19 00:00:00,2026-08-17,CUST-2058,"Low-downtime migration, performance parity, clean rollback, full validation evidence",Customer-facing digital platform with supporting APIs and data services,Web frontend; API gateway; core business API; worker service; admin console,PostgreSQL or MySQL primary + replica; Redis cache,Legacy batch job server; file-based integration; old auth bridge,59,Not Yet FLEX Ready,Enterprise IT,Very Large / Highly Interconnected,"many VMs, ETL, reports, shares",Wave 34,42,IAD3,Secondary,Legacy Reporting Estate,Retire / Archive,20,4,legacy mixed packages,Unsupported / mixed runtime,legacy-prod,Very high,Mixed obsolete OS,,,https://identity.api.rackspacecloud.com/v2.0/,cust2058.ops,d952261d4620c8748ca10172baa864ca,us IAD — Northern Virginia (US),k8s-master-reporthub-legacy-est.ospc.local,Imported,https://keystone.api.dfw3.rackspacecloud.com/v3/,cust2058.ops,cc4474ba5f73d7a913026a0127b788c9,rackspace_cloud_domain,uk LON1 — London (UK),Validated,e00d3a9ef9f502ceebdd3ac58c78930f,magnum-k8s-ha-template,Yes,Ready,"Validate template, create cluster, run restore, then perform LB test"
OracleNation Legacy Mesh,,failed ,compatibility issues ,Review,2026-07-20 00:00:00,2026-08-21,CUST-2059,"Low-downtime migration, performance parity, clean rollback, full validation evidence",Customer-facing digital platform with supporting APIs and data services,Web frontend; API gateway; core business API; worker service; admin console,PostgreSQL or MySQL primary + replica; Redis cache,Legacy batch job server; file-based integration; old auth bridge,60,Not Yet FLEX Ready,Enterprise IT,Very Large / Highly Interconnected,"many VMs, vendor apps, shared DBs",Wave 35,41,ORD1,Important,Vendor COTS Estate,Replace / Integrate,28,4,legacy mixed packages,Unsupported / mixed runtime,legacy-prod,Very high,Mixed obsolete OS,,,https://identity.api.rackspacecloud.com/v2.0/,cust2059.ops,1a4d34285c92740aae426f7a8157460a,us ORD — Chicago (US),k8s-master-oraclenation-legacy-.ospc.local,Imported,https://keystone.api.dfw3.rackspacecloud.com/v3/,cust2059.ops,a72431edd55ed1455d17547d08f3f4b4,rackspace_cloud_domain,us DFW3 — Dallas/Fort Worth Legacy (US),Validated,ea59f20603b32eab314a95bdde990374,magnum-k8s-webapp-template,Yes,Ready,"Validate template, create cluster, run restore, then perform LB test"
CoreMainframe Connect,,failed ,compatibility issues ,Review,2026-07-21 00:00:00,2026-08-25,CUST-2060,"Near-zero downtime, strong audit trail, validated HA, DR-ready runbook","Core payment, treasury, and risk processing platform",Angular ops portal; Java/Spring payment API; settlement worker; auth service; reporting service,PostgreSQL primary + hot standby; Redis; Kafka topics metadata,COBOL/mainframe settlement feed; SFTP statement exporter; LDAP auth bridge,61,Not Yet FLEX Ready,Banking / Mainframe,Very Large / Highly Interconnected,"mainframe feeds, ETL to FLEX only",Wave 36,40,DFW3,Core,Mainframe / Appliance,Retain / Integrate,40,4,vendor appliance / proprietary stack,Vendor runtime / proprietary services,legacy-prod / regulated,Critical proprietary package set,Appliance OS / mainframe / proprietary,,,https://identity.api.rackspacecloud.com/v2.0/,cust2060.ops,58805217b14e24e59649844003946ad5,uk LON — London (UK),k8s-master-coremainframe-connec.ospc.local,Imported,https://keystone.api.dfw3.rackspacecloud.com/v3/,cust2060.ops,db3b6745bfbe5b1a7744f9f0ad8ae55a,rackspace_cloud_domain,us ORD1 — Chicago (US),Validated,5c7411ba6a68553ae6ab9d77d79b60c0,magnum-k8s-prod-template,Yes,Ready,"Validate template, create cluster, run restore, then perform LB test"
BlueLeaf Marketing,,Finished,,Monitor,2026-01-10,2026-01-31,CUST-2001,"Preserve checkout flow, no order loss, search/index parity, fast rollback",Order management and digital commerce platform,Storefront frontend; catalog API; order API; payment adapter; inventory sync worker,MySQL primary + replica; Redis cache; OpenSearch catalog index,FTP supplier feed; old Magento integration; cron-based stock sync,2,FLEX Ready,Retail / SMB Web,Small,"2 frontend, 2 backend, 1 DB, 1 LB",Wave 1,99,DFW3,Secondary,WordPress / LAMP,Rehost,2,1,nginx/apache + php-fpm + db client,PHP 8.x,prod,Minimal legacy modules,Ubuntu 20.04/22.04 or RHEL 8/9,,,https://identity.api.rackspacecloud.com/v2.0/,cust2001.ops,c4025eba2a5a059f06ddd371fe4e0a58,ap HKG — Hong Kong,k8s-master-blueleaf-marketing.ospc.local,Imported,https://keystone.api.dfw3.rackspacecloud.com/v3/,cust2001.ops,7cbe3a86c2495bea58b04879a94db560,rackspace_cloud_domain,uk LON1 — London (UK),Validated,c7f917c77508b25ffe61f091c32f52cd,magnum-k8s-ha-template,Yes,Ready,"Validate template, create cluster, run restore, then perform LB test"
Silver Pine Clinics,,Finished,,Monitor,2026-01-12,2026-02-02,CUST-2002,"Zero-data-loss cutover, HIPAA-ready target, API latency <150ms, documented rollback",Patient engagement and clinical integration platform,React patient portal; FastAPI member API; HL7/FHIR integration worker; notification service; admin console,PostgreSQL primary + replica; Redis session cache; object storage for documents,Legacy on-prem EMR connector; batch claims export job; SMB file drop,3,FLEX Ready,Healthcare,Small,"2 app, 1 DB, 1 LB",Wave 1,98,ORD1,Secondary,Modern Web App,Rehost,3,1,python3 + gunicorn/uvicorn + nginx,Python 3.11,prod / regulated,None / low,Ubuntu 22.04/24.04,,,https://identity.api.rackspacecloud.com/v2.0/,cust2002.ops,61fc52db7db3c9c23291ae42ad727cab,uk LON — London (UK),k8s-master-silver-pine-clinics.ospc.local,Imported,https://keystone.api.dfw3.rackspacecloud.com/v3/,cust2002.ops,b775b382a4e73760dd7de5deb5ae7574,rackspace_cloud_domain,us DFW3 — Dallas/Fort Worth Legacy (US),Validated,9d1c5fad968557d61c17e69d496e52ca,magnum-k8s-webapp-template,Yes,Ready,"Validate template, create cluster, run restore, then perform LB test"
NorthDock Logistics Portal,,Finished,,Monitor,2026-01-14,2026-02-04,CUST-2003,"No shipment interruption, event processing continuity, API compatibility, rollback plan","Transport, crew, and operations management platform",Dispatch portal; routing API; tracking worker; alerting service; partner API,PostgreSQL primary + standby; Redis queue/cache; object storage for manifests,EDI gateway; old route optimizer VM; batch manifest exporter,4,FLEX Ready,Logistics,Small,"2 frontend, 2 API, 1 DB",Wave 1,97,IAD3,Secondary,Frontend + API + DB,Relocate,3,1,python3 + gunicorn/uvicorn + nginx,Python 3.11,prod,None / low,Ubuntu 22.04/24.04,,,https://identity.api.rackspacecloud.com/v2.0/,cust2003.ops,a84daadfb072b1af1797c4968f44a0a9,us ORD — Chicago (US),k8s-master-northdock-logistics-.ospc.local,Imported,https://keystone.api.dfw3.rackspacecloud.com/v3/,cust2003.ops,6b1aaf12c475f9c6f5517ce02ad278d7,rackspace_cloud_domain,us ORD1 — Chicago (US),Validated,83451659c9345d9e1b5fe109910ebe00,magnum-k8s-prod-template,Yes,Ready,"Validate template, create cluster, run restore, then perform LB test"
Vista Legal Forms,,Finished,,Monitor,2026-01-16,2026-02-06,CUST-2004,"Low-downtime migration, performance parity, clean rollback, full validation evidence",Customer-facing digital platform with supporting APIs and data services,Web frontend; API gateway; core business API; worker service; admin console,PostgreSQL or MySQL primary + replica; Redis cache,Legacy batch job server; file-based integration; old auth bridge,5,FLEX Ready,Legal Services,Small,"2 web, 1 DB, 1 LB",Wave 1,96,DFW3,Secondary,Drupal / PHP,Rehost,2,1,nginx/apache + php-fpm + db client,PHP 8.x,prod,Minimal legacy modules,Ubuntu 20.04/22.04 or RHEL 8/9,,,https://identity.api.rackspacecloud.com/v2.0/,cust2004.ops,95c01841ee9679ee52866e829b5d132e,uk LON — London (UK),k8s-master-vista-legal-forms.ospc.local,Imported,https://keystone.api.dfw3.rackspacecloud.com/v3/,cust2004.ops,b288771a8833801c168e7e5d2ad3625c,rackspace_cloud_domain,uk LON1 — London (UK),Validated,2b95abef6471b83f2516c9f7fa81970a,magnum-k8s-ha-template,Yes,Ready,"Validate template, create cluster, run restore, then perform LB test"
Acme E-Commerce,,Finished,,Monitor,2026-01-18,2026-02-08,CUST-2005,"Preserve checkout flow, no order loss, search/index parity, fast rollback",Order management and digital commerce platform,Storefront frontend; catalog API; order API; payment adapter; inventory sync worker,MySQL primary + replica; Redis cache; OpenSearch catalog index,FTP supplier feed; old Magento integration; cron-based stock sync,6,FLEX Ready,E-Commerce,Small,"2 frontend, 3 backend, 1 DB, Redis",Wave 2,95,IAD3,Important,Magento / LEMP,Rehost,4,1,nginx/apache + php-fpm + db client,PHP 8.x,prod,Minimal legacy modules,Ubuntu 20.04/22.04 or RHEL 8/9,,,https://identity.api.rackspacecloud.com/v2.0/,cust2005.ops,891546836e0980a4cfe35bc5af7fcb04,ap HKG — Hong Kong,k8s-master-acme-e-commerce.ospc.local,Imported,https://keystone.api.dfw3.rackspacecloud.com/v3/,cust2005.ops,3af39e2d10fd7e7b8b84d9883bae9e32,rackspace_cloud_domain,us DFW3 — Dallas/Fort Worth Legacy (US),Validated,285b3f1b13e37a33eb09a8e960075332,magnum-k8s-webapp-template,Yes,Ready,"Validate template, create cluster, run restore, then perform LB test"
CedarEdu LMS,,Finished,,Monitor,2026-01-20,2026-02-10,CUST-2006,"Term-safe migration window, SSO continuity, content integrity, user acceptance sign-off",Learning delivery and student administration platform,Student portal; LMS API; quiz worker; video processing worker; admin dashboard,PostgreSQL primary + replica; Redis sessions; object storage for course assets,Moodle plugin bridge; SIS nightly import; legacy SAML IdP integration,7,FLEX Ready,Education,Small,"2 web, 2 app, 1 DB",Wave 2,94,ORD1,Important,Laravel / MySQL,Rehost,3,1,Windows Server base + IIS/.NET,.NET / IIS / MSSQL tools,prod,None / low legacy dependency,Windows Server 2019/2022,,,https://identity.api.rackspacecloud.com/v2.0/,cust2006.ops,ce5c4d4b320f36dc44a8514de16e14af,us IAD — Northern Virginia (US),k8s-master-cedaredu-lms.ospc.local,Imported,https://keystone.api.dfw3.rackspacecloud.com/v3/,cust2006.ops,6504cdf4b232ee4fad1bab4bff15829b,rackspace_cloud_domain,us ORD1 — Chicago (US),Validated,a3511f5b8d1db170ac2061c741431a45,magnum-k8s-prod-template,Yes,Ready,"Validate template, create cluster, run restore, then perform LB test"
GreenLine Insurance Claims,,Finished,,Monitor,2026-01-22,2026-02-12,CUST-2007,"Near-zero downtime, strong audit trail, validated HA, DR-ready runbook","Core payment, treasury, and risk processing platform",Angular ops portal; Java/Spring payment API; settlement worker; auth service; reporting service,PostgreSQL primary + hot standby; Redis; Kafka topics metadata,COBOL/mainframe settlement feed; SFTP statement exporter; LDAP auth bridge,8,FLEX Ready,Insurance,Small,"2 app, 1 DB, 1 LB",Wave 2,93,DFW3,Important,Spring Boot + PostgreSQL,Relocate,3,1,Windows Server base + IIS/.NET,.NET / IIS / MSSQL tools,prod,None / low legacy dependency,Windows Server 2019/2022,,,https://identity.api.rackspacecloud.com/v2.0/,cust2007.ops,4d9ead102bc70737c223ec4876c2b1a6,ap HKG — Hong Kong,k8s-master-greenline-insurance-.ospc.local,Imported,https://keystone.api.dfw3.rackspacecloud.com/v3/,cust2007.ops,df4dfecf24e6ec6f4b6306bb3752a3a8,rackspace_cloud_domain,us DFW3 — Dallas/Fort Worth Legacy (US),Validated,61e982d5df106b9373d151365356b7ea,magnum-k8s-ha-template,Yes,Ready,"Validate template, create cluster, run restore, then perform LB test"
Metro Auto Dealer Hub,,Finished,,Monitor,2026-01-24,2026-02-14,CUST-2008,"Low-downtime migration, performance parity, clean rollback, full validation evidence",Customer-facing digital platform with supporting APIs and data services,Web frontend; API gateway; core business API; worker service; admin console,PostgreSQL or MySQL primary + replica; Redis cache,Legacy batch job server; file-based integration; old auth bridge,9,FLEX Ready,Automotive,Small,"2 app, Redis, 1 DB",Wave 2,92,IAD3,Important,Node.js + Redis,Rehost,3,1,nodejs + nginx + db/redis client,Node.js 20 LTS,prod,None / low,Ubuntu 22.04/24.04,,,https://identity.api.rackspacecloud.com/v2.0/,cust2008.ops,65743987f1e11e9f66d219563120009b,uk LON — London (UK),k8s-master-metro-auto-dealer-hu.ospc.local,Imported,https://keystone.api.dfw3.rackspacecloud.com/v3/,cust2008.ops,10845cc0a23f454788615299e5cc2e93,rackspace_cloud_domain,us DFW3 — Dallas/Fort Worth Legacy (US),Validated,577014015d67aa02829a402cb6217497,magnum-k8s-webapp-template,Yes,Ready,"Validate template, create cluster, run restore, then perform LB test"
Wayne Financial Mobile API,,Finished,,Monitor,2026-01-26,2026-02-16,CUST-2009,"Near-zero downtime, strong audit trail, validated HA, DR-ready runbook","Core payment, treasury, and risk processing platform",Angular ops portal; Java/Spring payment API; settlement worker; auth service; reporting service,PostgreSQL primary + hot standby; Redis; Kafka topics metadata,COBOL/mainframe settlement feed; SFTP statement exporter; LDAP auth bridge,10,FLEX Ready,Banking / Fintech,Small,"2 API, 1 DB primary, 1 replica",Wave 3,91,DFW3,Core,API + PostgreSQL,Replatform,3,1,Windows Server base + IIS/.NET,.NET / IIS / MSSQL tools,prod / regulated,None / low legacy dependency,Windows Server 2019/2022,,,https://identity.api.rackspacecloud.com/v2.0/,cust2009.ops,aeb571b78bf5928b0bf99369317bd017,ap HKG — Hong Kong,k8s-master-wayne-financial-mobi.ospc.local,Imported,https://keystone.api.dfw3.rackspacecloud.com/v3/,cust2009.ops,4f5c83caaf55033e8993c5ae85fcad1f,rackspace_cloud_domain,us ORD1 — Chicago (US),Validated,ea623edd347700b97d2d8a60907e598d,magnum-k8s-prod-template,Yes,Ready,"Validate template, create cluster, run restore, then perform LB test"
SkyTel Identity Service,,Finished,,Monitor,2026-01-28,2026-02-18,CUST-2010,"No billing gaps, identity continuity, message backlog cleared, HA verified","Subscriber identity, billing, and mediation platform",Subscriber UI; billing API; rating engine; mediation worker; identity service,MariaDB Galera or MySQL primary/replica; Redis; Kafka mediation topics,RADIUS bridge; old mediation collector; batch CDR parser,11,FLEX Ready,Telecom,Small,"2 app, 1 DB, 1 LB",Wave 3,90,ORD1,Core,Java API / DB,Replatform,2,1,JDK + app server + db client,Java 17 / Spring Boot / Tomcat,prod,None / low,RHEL 8/9 or Ubuntu 22.04,,,https://identity.api.rackspacecloud.com/v2.0/,cust2010.ops,243b6f95a62746ee7b59025d35af4a46,ap HKG — Hong Kong,k8s-master-skytel-identity-serv.ospc.local,Imported,https://keystone.api.dfw3.rackspacecloud.com/v3/,cust2010.ops,272738565ccddad703a8c0e1f847f401,rackspace_cloud_domain,us ORD1 — Chicago (US),Validated,d742c243a0bdd43803852b9a14458be9,magnum-k8s-ha-template,Yes,Ready,"Validate template, create cluster, run restore, then perform LB test"
UrbanPay Settlement API,,Finished,,Monitor,2026-01-30,2026-02-20,CUST-2011,"Low-downtime migration, performance parity, clean rollback, full validation evidence",Customer-facing digital platform with supporting APIs and data services,Web frontend; API gateway; core business API; worker service; admin console,PostgreSQL or MySQL primary + replica; Redis cache,Legacy batch job server; file-based integration; old auth bridge,12,FLEX Ready,Payments,Small,"2 app, 1 DB, Redis",Wave 3,89,IAD3,Core,Modern API Stack,Replatform,3,1,python3 + gunicorn/uvicorn + nginx,Python 3.11,prod / regulated,None / low,Ubuntu 22.04/24.04,,,https://identity.api.rackspacecloud.com/v2.0/,cust2011.ops,11cd92c0ab4f8baa394bd65f2bed5951,us ORD — Chicago (US),k8s-master-urbanpay-settlement-.ospc.local,Imported,https://keystone.api.dfw3.rackspacecloud.com/v3/,cust2011.ops,2afb42ace60773331b1ddd8637107f0a,rackspace_cloud_domain,us DFW3 — Dallas/Fort Worth Legacy (US),Validated,f66f6550b43517f054d79a92746cbe9f,magnum-k8s-webapp-template,Yes,Ready,"Validate template, create cluster, run restore, then perform LB test"
AeroOps Crew Portal,,Finished,,Monitor,2026-02-01,2026-02-22,CUST-2012,"No shipment interruption, event processing continuity, API compatibility, rollback plan","Transport, crew, and operations management platform",Dispatch portal; routing API; tracking worker; alerting service; partner API,PostgreSQL primary + standby; Redis queue/cache; object storage for manifests,EDI gateway; old route optimizer VM; batch manifest exporter,13,FLEX Ready,Airlines,Small,"2 IIS, 1 DB, 1 LB",Wave 3,88,DFW3,Core,IIS / .NET + SQL,Relocate,2,1,Windows Server base + IIS/.NET,.NET / IIS / MSSQL tools,prod,None / low legacy dependency,Windows Server 2019/2022,,,https://identity.api.rackspacecloud.com/v2.0/,cust2012.ops,d2de40d0ff0797bfba567c23c67824da,uk LON — London (UK),k8s-master-aeroops-crew-portal.ospc.local,Imported,https://keystone.api.dfw3.rackspacecloud.com/v3/,cust2012.ops,c516af70038614cd703b9d96b430c549,rackspace_cloud_domain,us ORD1 — Chicago (US),Validated,fd16eaee679460d015306dd9198dcc43,magnum-k8s-prod-template,Yes,Ready,"Validate template, create cluster, run restore, then perform LB test"
