source_resource_type,region,target_region,server_name,target_server_name,server_id,include_in_deploy,source_flavor_id,source_flavor_name,source_ram_mb,source_vcpus,source_disk_gb,source_image_name,source_image_os_distro,source_image_os_version,target_flavor_id,target_flavor_name,target_ram_mb,target_vcpus,target_disk_gb,target_hourly_rate_usd,target_daily_cost_min_usd,target_monthly_cost_min_usd,recommended_target_image_name,image_recommendation_note,cloud_init_user_data,boot_volume_source_size_gb,boot_volume_source_device,boot_volume_target_device,needs_floating_ip,floating_network,boot_strategy,boot_from_volume_size_gb,attached_data_volumes_count,conversion_note,alt_1,alt_2,alt_3
cloud_server,iad,IAD,Server-27,Server-27,a0d77b7e-385e-4768-baa9-29e564a40052,yes,general1-1,1 GB General Purpose v1,1024,1,20,AlmaLinux 9 (PVHVM),alma,9,5c5f0730-3fe9-4f4c-9c0e-38669d269ca1,gp.0.2.2,2048,2,40,0.0390,0.94,28.08,AlmaLinux 9,alma_nearest,,,,,yes,PUBLICNET,local_boot_no_source_boot_volume,,0,,gp.0.2.4 (4daf46f4-69f8-4057-9873-9160a93b1b0d) score=2.1000,gp.0.4.4 (3a805405-352f-4f5b-97e3-6d9fd178df38) score=3.8000,gp.0.2.6 (3097f57b-b793-4af8-8285-f4f1cece6d11) score=3.2000
cloud_server,iad,IAD,haproxyopsc,haproxyopsc,08c9a1a4-55b9-45e0-8b99-eeb5789c4fe2,yes,general1-4,4 GB General Purpose v1,4096,4,80,Ubuntu 24.04 LTS (Cloud),ubuntu,24.04,3a805405-352f-4f5b-97e3-6d9fd178df38,gp.0.4.4,4096,4,80,0.0860,2.06,61.92,Ubuntu 24.04,ubuntu_nearest,,,,,yes,PUBLICNET,local_boot_no_source_boot_volume,,0,,gp.0.4.16 (10be94cd-30c9-4681-bd58-e770d65f8837) score=1.4500,gp.0.2.6 (3097f57b-b793-4af8-8285-f4f1cece6d11) score=10.2500,gp.0.16.64 (46e9323b-82b0-463c-ba89-57f8f4ddf1b7) score=10.3500
cloud_server,iad,IAD,u24clean,u24clean,de46ca25-136c-4b88-b7a3-40c680962c5c,yes,general1-2,2 GB General Purpose v1,2048,2,40,Ubuntu 24.04 LTS (Cloud),ubuntu,24.04,5c5f0730-3fe9-4f4c-9c0e-38669d269ca1,gp.0.2.2,2048,2,40,0.0390,0.94,28.08,Ubuntu 24.04,ubuntu_nearest,,,,,yes,PUBLICNET,local_boot_no_source_boot_volume,,0,,gp.0.4.16 (10be94cd-30c9-4681-bd58-e770d65f8837) score=4.3000,gp.0.2.6 (3097f57b-b793-4af8-8285-f4f1cece6d11) score=0.9000,gp.0.4.4 (3a805405-352f-4f5b-97e3-6d9fd178df38) score=1.0000
cloud_server,iad,IAD,debian12,debian12,59065b63-15b9-4099-b5ea-f5ab005f8b2c,yes,general1-2,2 GB General Purpose v1,2048,2,40,Debian 12 (Bookworm) (PVHVM),debian,12,5c5f0730-3fe9-4f4c-9c0e-38669d269ca1,gp.0.2.2,2048,2,40,0.0390,0.94,28.08,Debian 12,debian_nearest,,,,,yes,PUBLICNET,local_boot_no_source_boot_volume,,0,,gp.0.4.16 (10be94cd-30c9-4681-bd58-e770d65f8837) score=4.3000,gp.0.2.6 (3097f57b-b793-4af8-8285-f4f1cece6d11) score=0.9000,gp.0.4.4 (3a805405-352f-4f5b-97e3-6d9fd178df38) score=1.0000
cloud_server,iad,IAD,u24 green server,u24 green server,13b9ba25-fe39-4169-a1fb-437276a07e45,yes,general1-2,2 GB General Purpose v1,2048,2,40,Ubuntu 24.04 LTS (Cloud),ubuntu,24.04,5c5f0730-3fe9-4f4c-9c0e-38669d269ca1,gp.0.2.2,2048,2,40,0.0390,0.94,28.08,Ubuntu 24.04,ubuntu_nearest,,,,,yes,PUBLICNET,local_boot_no_source_boot_volume,,2,,gp.0.4.16 (10be94cd-30c9-4681-bd58-e770d65f8837) score=4.3000,gp.0.2.6 (3097f57b-b793-4af8-8285-f4f1cece6d11) score=0.9000,gp.0.4.4 (3a805405-352f-4f5b-97e3-6d9fd178df38) score=1.0000
cloud_server,iad,IAD,u-22,u-22,dd5476a0-6479-4f56-aefd-8b50db956412,yes,general1-2,2 GB General Purpose v1,2048,2,40,Ubuntu 22.04 LTS (Jammy Jellyfish) (Cloud),ubuntu,22.04,5c5f0730-3fe9-4f4c-9c0e-38669d269ca1,gp.0.2.2,2048,2,40,0.0390,0.94,28.08,Ubuntu 22.04,ubuntu_nearest,,,,,yes,PUBLICNET,local_boot_no_source_boot_volume,,0,,gp.0.4.16 (10be94cd-30c9-4681-bd58-e770d65f8837) score=4.3000,gp.0.2.6 (3097f57b-b793-4af8-8285-f4f1cece6d11) score=0.9000,gp.0.4.4 (3a805405-352f-4f5b-97e3-6d9fd178df38) score=1.0000
cloud_server,iad,IAD,Server-21,Server-21,bb29c9d8-1b00-4c6f-852f-d07fe4c8b749,yes,general1-2,2 GB General Purpose v1,2048,2,40,AlmaLinux 9 (PVHVM),alma,9,5c5f0730-3fe9-4f4c-9c0e-38669d269ca1,gp.0.2.2,2048,2,40,0.0390,0.94,28.08,AlmaLinux 9,alma_nearest,,,,,yes,PUBLICNET,local_boot_no_source_boot_volume,,0,,gp.0.4.16 (10be94cd-30c9-4681-bd58-e770d65f8837) score=4.3000,gp.0.2.6 (3097f57b-b793-4af8-8285-f4f1cece6d11) score=0.9000,gp.0.4.4 (3a805405-352f-4f5b-97e3-6d9fd178df38) score=1.0000
cloud_server,iad,IAD,musicradio,musicradio,faa49462-d7ab-475b-9aa6-5d65a16667e8,yes,general1-2,2 GB General Purpose v1,2048,2,40,Ubuntu 24.04 LTS (Cloud),ubuntu,24.04,5c5f0730-3fe9-4f4c-9c0e-38669d269ca1,gp.0.2.2,2048,2,40,0.0390,0.94,28.08,Ubuntu 24.04,ubuntu_nearest,,,,,yes,PUBLICNET,local_boot_no_source_boot_volume,,0,,gp.0.4.16 (10be94cd-30c9-4681-bd58-e770d65f8837) score=4.3000,gp.0.2.6 (3097f57b-b793-4af8-8285-f4f1cece6d11) score=0.9000,gp.0.4.4 (3a805405-352f-4f5b-97e3-6d9fd178df38) score=1.0000
cloud_server,iad,IAD,postgresqlU24,postgresqlU24,7beb21aa-2937-43b5-ae77-3d849ba2bd5e,yes,general1-1,1 GB General Purpose v1,1024,1,20,Ubuntu 24.04 LTS (Cloud),ubuntu,24.04,5c5f0730-3fe9-4f4c-9c0e-38669d269ca1,gp.0.2.2,2048,2,40,0.0390,0.94,28.08,Ubuntu 24.04,ubuntu_nearest,,,,,yes,PUBLICNET,local_boot_no_source_boot_volume,,1,,gp.0.2.4 (4daf46f4-69f8-4057-9873-9160a93b1b0d) score=2.1000,gp.0.4.4 (3a805405-352f-4f5b-97e3-6d9fd178df38) score=3.8000,gp.0.2.6 (3097f57b-b793-4af8-8285-f4f1cece6d11) score=3.2000
cloud_server,iad,IAD,mongo db u24,mongo db u24,401890d9-81b8-4a8c-9ede-cfe6f4397eeb,yes,general1-1,1 GB General Purpose v1,1024,1,20,Ubuntu 24.04 LTS (Cloud),ubuntu,24.04,5c5f0730-3fe9-4f4c-9c0e-38669d269ca1,gp.0.2.2,2048,2,40,0.0390,0.94,28.08,Ubuntu 24.04,ubuntu_nearest,,,,,yes,PUBLICNET,local_boot_no_source_boot_volume,,0,,gp.0.2.4 (4daf46f4-69f8-4057-9873-9160a93b1b0d) score=2.1000,gp.0.4.4 (3a805405-352f-4f5b-97e3-6d9fd178df38) score=3.8000,gp.0.2.6 (3097f57b-b793-4af8-8285-f4f1cece6d11) score=3.2000
cloud_server,iad,IAD,ospcwin2019,ospcwin2019,09d88d96-901d-4741-9a61-38bfbd466e84,yes,general1-1,1 GB General Purpose v1,1024,1,20,Windows Server 2019,com.microsoft.server,2019,4daf46f4-69f8-4057-9873-9160a93b1b0d,gp.0.2.4,4096,2,40,0.0490,1.18,35.28,Windows Server 2019,windows_nearest;boot_volume_metadata_fallback,,50,/dev/xvda,/dev/vda,yes,PUBLICNET,boot_from_volume,50,0,,gp.0.4.4 (3a805405-352f-4f5b-97e3-6d9fd178df38) score=3.8000,gp.0.2.6 (3097f57b-b793-4af8-8285-f4f1cece6d11) score=3.2000,gp.0.2.8 (6c13ae13-e9f5-482e-98f4-a2440cd681e8) score=4.3000
cloud_server,iad,IAD,opscwin2016,opscwin2016,d69037a7-8441-42e2-b349-30628dbd7ecc,yes,general1-2,2 GB General Purpose v1,2048,2,40,Windows Server 2016,,2016,4daf46f4-69f8-4057-9873-9160a93b1b0d,gp.0.2.4,4096,2,40,0.0490,1.18,35.28,Windows Server 2016,windows_nearest,,,,,yes,PUBLICNET,local_boot_no_source_boot_volume,,0,,gp.0.4.4 (3a805405-352f-4f5b-97e3-6d9fd178df38) score=1.0000,gp.0.2.6 (3097f57b-b793-4af8-8285-f4f1cece6d11) score=0.9000,gp.0.2.8 (6c13ae13-e9f5-482e-98f4-a2440cd681e8) score=1.4500
cloud_server,iad,IAD,bigjumpwindowsiad,bigjumpwindowsiad,77fbe978-4b0b-43cd-8722-47a495827d49,yes,compute1-30,30 GB Compute v1,30720,16,0,Ubuntu 24.04 LTS (Cloud),com.ubuntu,24.04,46e9323b-82b0-463c-ba89-57f8f4ddf1b7,gp.0.16.64,65536,16,240,0.5530,13.27,398.16,Ubuntu 24.04,ubuntu_nearest;boot_volume_metadata_fallback,,50,/dev/xvda,/dev/vda,yes,PUBLICNET,local_boot_use_flavor_disk,,1,,gp.0.24.96 (48f2fe48-9e1c-47e7-a41e-7bf1027ee933) score=1.3100,gp.0.32.128 (8141be05-c0c1-4ce0-8770-5b3aaf413f84) score=2.1967,gp.0.48.192 (b88dcaf6-a91a-40f2-9a56-cf0ee494e42e) score=4.1700
cloud_server,iad,IAD,test-c7hwfix-iad-1,test-c7hwfix-iad-1,f2110fde-3890-464c-b35c-8ee1dc0bbf24,yes,general1-4,4 GB General Purpose v1,4096,4,80,c7hwfix-20260425,,,3a805405-352f-4f5b-97e3-6d9fd178df38,gp.0.4.4,4096,4,80,0.0860,2.06,61.92,,no_recommendation,,,,,yes,PUBLICNET,local_boot_no_source_boot_volume,,0,,gp.0.4.16 (10be94cd-30c9-4681-bd58-e770d65f8837) score=1.4500,gp.0.2.6 (3097f57b-b793-4af8-8285-f4f1cece6d11) score=10.2500,gp.0.16.64 (46e9323b-82b0-463c-ba89-57f8f4ddf1b7) score=10.3500
cloud_server,iad,IAD,Bigjim-iad,Bigjim-iad,467cf940-3b81-43d6-985f-3cbe90ed98e9,yes,compute1-30,30 GB Compute v1,30720,16,0,Ubuntu 24.04 LTS (Cloud),com.ubuntu,24.04,46e9323b-82b0-463c-ba89-57f8f4ddf1b7,gp.0.16.64,65536,16,240,0.5530,13.27,398.16,Ubuntu 24.04,ubuntu_nearest;boot_volume_metadata_fallback,,50,/dev/xvda,/dev/vda,yes,PUBLICNET,local_boot_use_flavor_disk,,52,,gp.0.24.96 (48f2fe48-9e1c-47e7-a41e-7bf1027ee933) score=1.3100,gp.0.32.128 (8141be05-c0c1-4ce0-8770-5b3aaf413f84) score=2.1967,gp.0.48.192 (b88dcaf6-a91a-40f2-9a56-cf0ee494e42e) score=4.1700
cloud_server,iad,IAD,jenkins,jenkins,107d8faf-4a18-4d50-88c9-f49042843f18,yes,general1-4,4 GB General Purpose v1,4096,4,80,CentOS 7 (PVHVM) (Orchestration),centos,7,3a805405-352f-4f5b-97e3-6d9fd178df38,gp.0.4.4,4096,4,80,0.0860,2.06,61.92,Rocky Linux 8,centos_to_rocky,,,,,yes,PUBLICNET,local_boot_no_source_boot_volume,,0,,gp.0.4.16 (10be94cd-30c9-4681-bd58-e770d65f8837) score=1.4500,gp.0.2.6 (3097f57b-b793-4af8-8285-f4f1cece6d11) score=10.2500,gp.0.16.64 (46e9323b-82b0-463c-ba89-57f8f4ddf1b7) score=10.3500
cloud_server,iad,IAD,centos7,centos7,8daf4f80-47bc-41a6-bbcb-cd5974193b41,yes,compute1-4,3.75 GB Compute v1,3840,2,0,centos7-snap-20260417101921,org.centos,7,4daf46f4-69f8-4057-9873-9160a93b1b0d,gp.0.2.4,4096,2,40,0.0490,1.18,35.28,Rocky Linux 8,centos_to_rocky;boot_volume_metadata_fallback,,80,/dev/xvda,/dev/vda,yes,PUBLICNET,boot_from_volume,80,0,,gp.0.4.4 (3a805405-352f-4f5b-97e3-6d9fd178df38) score=0.6233,gp.0.2.6 (3097f57b-b793-4af8-8285-f4f1cece6d11) score=0.2100,gp.0.2.8 (6c13ae13-e9f5-482e-98f4-a2440cd681e8) score=0.4233
cloud_server,iad,IAD,win2019,win2019,aaabe292-762c-4847-b249-b181ead4737c,yes,compute1-4,3.75 GB Compute v1,3840,2,0,Windows Server 2019 + SQL Server 2019 Standard,com.microsoft.server,2019.0,4daf46f4-69f8-4057-9873-9160a93b1b0d,gp.0.2.4,4096,2,40,0.0490,1.18,35.28,Windows Server 2019,windows_nearest;boot_volume_metadata_fallback,,50,/dev/xvda,/dev/vda,yes,PUBLICNET,boot_from_volume,50,0,,gp.0.4.4 (3a805405-352f-4f5b-97e3-6d9fd178df38) score=0.6233,gp.0.2.6 (3097f57b-b793-4af8-8285-f4f1cece6d11) score=0.2100,gp.0.2.8 (6c13ae13-e9f5-482e-98f4-a2440cd681e8) score=0.4233
cloud_server,iad,IAD,windows2016,windows2016,1850f963-95f6-477f-97da-81e5b404694f,yes,general1-2,2 GB General Purpose v1,2048,2,40,Windows Server 2016,,2016,4daf46f4-69f8-4057-9873-9160a93b1b0d,gp.0.2.4,4096,2,40,0.0490,1.18,35.28,Windows Server 2016,windows_nearest,,,,,yes,PUBLICNET,local_boot_no_source_boot_volume,,0,,gp.0.4.4 (3a805405-352f-4f5b-97e3-6d9fd178df38) score=1.0000,gp.0.2.6 (3097f57b-b793-4af8-8285-f4f1cece6d11) score=0.9000,gp.0.2.8 (6c13ae13-e9f5-482e-98f4-a2440cd681e8) score=1.4500
cloud_server,iad,IAD,debian11new,debian11new,cd6a356c-62fc-4763-aafc-ca342ec8f923,yes,general1-2,2 GB General Purpose v1,2048,2,40,Debian 11 (Bullseye) (PVHVM),debian,11,5c5f0730-3fe9-4f4c-9c0e-38669d269ca1,gp.0.2.2,2048,2,40,0.0390,0.94,28.08,Debian 11,debian_nearest,,,,,yes,PUBLICNET,local_boot_no_source_boot_volume,,0,,gp.0.4.16 (10be94cd-30c9-4681-bd58-e770d65f8837) score=4.3000,gp.0.2.6 (3097f57b-b793-4af8-8285-f4f1cece6d11) score=0.9000,gp.0.4.4 (3a805405-352f-4f5b-97e3-6d9fd178df38) score=1.0000
cloud_server,iad,IAD,dbian10new,dbian10new,9262a99e-6bd3-495d-bacd-06a015b29088,yes,general1-2,2 GB General Purpose v1,2048,2,40,Debian 10 (Buster) (PVHVM),debian,10,5c5f0730-3fe9-4f4c-9c0e-38669d269ca1,gp.0.2.2,2048,2,40,0.0390,0.94,28.08,Debian 11,debian_nearest,,,,,yes,PUBLICNET,local_boot_no_source_boot_volume,,0,,gp.0.4.16 (10be94cd-30c9-4681-bd58-e770d65f8837) score=4.3000,gp.0.2.6 (3097f57b-b793-4af8-8285-f4f1cece6d11) score=0.9000,gp.0.4.4 (3a805405-352f-4f5b-97e3-6d9fd178df38) score=1.0000
cloud_server,iad,IAD,u20,u20,f4dd8084-20c4-40a4-8784-7db8c6c5162a,yes,general1-1,1 GB General Purpose v1,1024,1,20,Ubuntu 20.04 LTS (Focal Fossa) (Cloud),ubuntu,20.04,5c5f0730-3fe9-4f4c-9c0e-38669d269ca1,gp.0.2.2,2048,2,40,0.0390,0.94,28.08,Ubuntu 20.04,ubuntu_nearest,,,,,yes,PUBLICNET,local_boot_no_source_boot_volume,,1,,gp.0.2.4 (4daf46f4-69f8-4057-9873-9160a93b1b0d) score=2.1000,gp.0.4.4 (3a805405-352f-4f5b-97e3-6d9fd178df38) score=3.8000,gp.0.2.6 (3097f57b-b793-4af8-8285-f4f1cece6d11) score=3.2000
cloud_server,iad,IAD,rocky9,rocky9,12962165-11ca-498c-8a2f-db69947f9264,yes,general1-1,1 GB General Purpose v1,1024,1,20,Rocky 9 (PVHVM),rocky,9,5c5f0730-3fe9-4f4c-9c0e-38669d269ca1,gp.0.2.2,2048,2,40,0.0390,0.94,28.08,Rocky Linux 9,rocky_nearest,,,,,yes,PUBLICNET,local_boot_no_source_boot_volume,,0,,gp.0.2.4 (4daf46f4-69f8-4057-9873-9160a93b1b0d) score=2.1000,gp.0.4.4 (3a805405-352f-4f5b-97e3-6d9fd178df38) score=3.8000,gp.0.2.6 (3097f57b-b793-4af8-8285-f4f1cece6d11) score=3.2000
cloud_server,iad,IAD,alma8,alma8,f4680994-c54f-473a-8549-b6fb1176088c,yes,compute1-4,3.75 GB Compute v1,3840,2,0,AlmaLinux 8 (PVHVM),org.almalinux,8,4daf46f4-69f8-4057-9873-9160a93b1b0d,gp.0.2.4,4096,2,40,0.0490,1.18,35.28,AlmaLinux 8,alma_nearest;boot_volume_metadata_fallback,,50,/dev/xvda,/dev/vda,yes,PUBLICNET,boot_from_volume,50,0,,gp.0.4.4 (3a805405-352f-4f5b-97e3-6d9fd178df38) score=0.6233,gp.0.2.6 (3097f57b-b793-4af8-8285-f4f1cece6d11) score=0.2100,gp.0.2.8 (6c13ae13-e9f5-482e-98f4-a2440cd681e8) score=0.4233
cloud_server,iad,IAD,dbian12,dbian12,8d7309ea-f39c-417b-8f50-c28f76ffd9db,yes,compute1-4,3.75 GB Compute v1,3840,2,0,Debian 12 (Bookworm) (PVHVM),org.debian,12,4daf46f4-69f8-4057-9873-9160a93b1b0d,gp.0.2.4,4096,2,40,0.0490,1.18,35.28,Debian 12,debian_nearest;boot_volume_metadata_fallback,,50,/dev/xvda,/dev/vda,yes,PUBLICNET,boot_from_volume,50,0,,gp.0.4.4 (3a805405-352f-4f5b-97e3-6d9fd178df38) score=0.6233,gp.0.2.6 (3097f57b-b793-4af8-8285-f4f1cece6d11) score=0.2100,gp.0.2.8 (6c13ae13-e9f5-482e-98f4-a2440cd681e8) score=0.4233
cloud_server,iad,IAD,Alma9,Alma9,de2cc03b-b53a-4f32-8b1b-8a3c9d757069,yes,compute1-8,7.5 GB Compute v1,7680,4,0,AlmaLinux 9 (PVHVM),org.almalinux,9,57e73c80-1639-4689-b569-e6c4bc114963,gp.0.4.8,8192,4,80,0.1060,2.54,76.32,AlmaLinux 9,alma_nearest;boot_volume_metadata_fallback,,50,/dev/xvda,/dev/vda,yes,PUBLICNET,local_boot_use_flavor_disk,,1,,gp.0.4.12 (7ba21590-21ce-4c90-ab95-5a81121038c8) score=0.2100,gp.0.4.16 (10be94cd-30c9-4681-bd58-e770d65f8837) score=0.4233,gp.0.8.16 (a1ebc4a8-57f7-4036-a11e-cdf9b6743a7c) score=1.0233
cloud_server,iad,IAD,rocky8,rocky8,7afcc45d-4080-475e-a771-8ee1f265ef5c,yes,compute1-8,7.5 GB Compute v1,7680,4,0,Rocky 8 (PVHVM),org.rockylinux,8,57e73c80-1639-4689-b569-e6c4bc114963,gp.0.4.8,8192,4,80,0.1060,2.54,76.32,Rocky Linux 8,rocky_nearest;boot_volume_metadata_fallback,,50,/dev/xvda,/dev/vda,yes,PUBLICNET,local_boot_use_flavor_disk,,0,,gp.0.4.12 (7ba21590-21ce-4c90-ab95-5a81121038c8) score=0.2100,gp.0.4.16 (10be94cd-30c9-4681-bd58-e770d65f8837) score=0.4233,gp.0.8.16 (a1ebc4a8-57f7-4036-a11e-cdf9b6743a7c) score=1.0233
database_instance,iad,IAD,HA percona 8-02,HA percona 8-02,0651b25a-9810-41d2-ac00-d30aae53fcdc,yes,,,,,5,,,,5c5f0730-3fe9-4f4c-9c0e-38669d269ca1,gp.0.2.2,2048,2,40,0.0390,0.94,28.08,Ubuntu 22.04,db_instance_to_linux_server,,,,,no,,local_boot_use_flavor_disk,,0,db_to_server_conversion;disk_fit;db_size_gb=5;datastore=percona:8.0,gp.0.4.4 (3a805405-352f-4f5b-97e3-6d9fd178df38) note=disk_fit,gp.0.2.4 (4daf46f4-69f8-4057-9873-9160a93b1b0d) note=disk_fit,gp.0.1.4 (8145e6d5-0b75-446c-96d7-e13fbc0610fa) note=disk_fit
database_instance,iad,IAD,drupal,drupal,0e0c1ccf-e8be-4e40-8e04-772307364118,yes,,,,,5,,,,5c5f0730-3fe9-4f4c-9c0e-38669d269ca1,gp.0.2.2,2048,2,40,0.0390,0.94,28.08,Ubuntu 22.04,db_instance_to_linux_server,,,,,no,,local_boot_use_flavor_disk,,0,db_to_server_conversion;disk_fit;db_size_gb=5;datastore=mysql:5.7,gp.0.4.4 (3a805405-352f-4f5b-97e3-6d9fd178df38) note=disk_fit,gp.0.2.4 (4daf46f4-69f8-4057-9873-9160a93b1b0d) note=disk_fit,gp.0.1.4 (8145e6d5-0b75-446c-96d7-e13fbc0610fa) note=disk_fit
database_instance,iad,IAD,dbaasmariadb,dbaasmariadb,1456f7cd-0080-45e8-9617-cb797ba2ee97,yes,,,,,5,,,,5c5f0730-3fe9-4f4c-9c0e-38669d269ca1,gp.0.2.2,2048,2,40,0.0390,0.94,28.08,Ubuntu 22.04,db_instance_to_linux_server,,,,,no,,local_boot_use_flavor_disk,,0,db_to_server_conversion;disk_fit;db_size_gb=5;datastore=mariadb:10.6,gp.0.4.4 (3a805405-352f-4f5b-97e3-6d9fd178df38) note=disk_fit,gp.0.2.4 (4daf46f4-69f8-4057-9873-9160a93b1b0d) note=disk_fit,gp.0.1.4 (8145e6d5-0b75-446c-96d7-e13fbc0610fa) note=disk_fit
database_instance,iad,IAD,HA-Mysql8-01,HA-Mysql8-01,15794001-4db3-41bf-adbd-a00a149d02d6,yes,,,,,5,,,,5c5f0730-3fe9-4f4c-9c0e-38669d269ca1,gp.0.2.2,2048,2,40,0.0390,0.94,28.08,Ubuntu 22.04,db_instance_to_linux_server,,,,,no,,local_boot_use_flavor_disk,,0,db_to_server_conversion;disk_fit;db_size_gb=5;datastore=mysql:8.0,gp.0.4.4 (3a805405-352f-4f5b-97e3-6d9fd178df38) note=disk_fit,gp.0.2.4 (4daf46f4-69f8-4057-9873-9160a93b1b0d) note=disk_fit,gp.0.1.4 (8145e6d5-0b75-446c-96d7-e13fbc0610fa) note=disk_fit
database_instance,iad,IAD,HA-mariaDB-02,HA-mariaDB-02,1a36ff59-5a25-4777-a8df-aabf6cf7edb0,yes,,,,,5,,,,5c5f0730-3fe9-4f4c-9c0e-38669d269ca1,gp.0.2.2,2048,2,40,0.0390,0.94,28.08,Ubuntu 22.04,db_instance_to_linux_server,,,,,no,,local_boot_use_flavor_disk,,0,db_to_server_conversion;disk_fit;db_size_gb=5;datastore=mariadb:10.6,gp.0.4.4 (3a805405-352f-4f5b-97e3-6d9fd178df38) note=disk_fit,gp.0.2.4 (4daf46f4-69f8-4057-9873-9160a93b1b0d) note=disk_fit,gp.0.1.4 (8145e6d5-0b75-446c-96d7-e13fbc0610fa) note=disk_fit
database_instance,iad,IAD,drupalphp_Database,drupalphp_Database,2c8023c1-bc51-4a07-96b6-8a075250cc21,yes,,,,,5,,,,5c5f0730-3fe9-4f4c-9c0e-38669d269ca1,gp.0.2.2,2048,2,40,0.0390,0.94,28.08,Ubuntu 22.04,db_instance_to_linux_server,,,,,no,,local_boot_use_flavor_disk,,0,db_to_server_conversion;disk_fit;db_size_gb=5;datastore=mysql:5.7,gp.0.4.4 (3a805405-352f-4f5b-97e3-6d9fd178df38) note=disk_fit,gp.0.2.4 (4daf46f4-69f8-4057-9873-9160a93b1b0d) note=disk_fit,gp.0.1.4 (8145e6d5-0b75-446c-96d7-e13fbc0610fa) note=disk_fit
database_instance,iad,IAD,HA percona 8-03,HA percona 8-03,3fdbbf29-3a17-4bd3-9c86-0b74baf18624,yes,,,,,5,,,,5c5f0730-3fe9-4f4c-9c0e-38669d269ca1,gp.0.2.2,2048,2,40,0.0390,0.94,28.08,Ubuntu 22.04,db_instance_to_linux_server,,,,,no,,local_boot_use_flavor_disk,,0,db_to_server_conversion;disk_fit;db_size_gb=5;datastore=percona:8.0,gp.0.4.4 (3a805405-352f-4f5b-97e3-6d9fd178df38) note=disk_fit,gp.0.2.4 (4daf46f4-69f8-4057-9873-9160a93b1b0d) note=disk_fit,gp.0.1.4 (8145e6d5-0b75-446c-96d7-e13fbc0610fa) note=disk_fit
database_instance,iad,IAD,HA-mariaDB-03,HA-mariaDB-03,40a3b380-61cf-4a69-a474-d8f68d81c750,yes,,,,,5,,,,5c5f0730-3fe9-4f4c-9c0e-38669d269ca1,gp.0.2.2,2048,2,40,0.0390,0.94,28.08,Ubuntu 22.04,db_instance_to_linux_server,,,,,no,,local_boot_use_flavor_disk,,0,db_to_server_conversion;disk_fit;db_size_gb=5;datastore=mariadb:10.6,gp.0.4.4 (3a805405-352f-4f5b-97e3-6d9fd178df38) note=disk_fit,gp.0.2.4 (4daf46f4-69f8-4057-9873-9160a93b1b0d) note=disk_fit,gp.0.1.4 (8145e6d5-0b75-446c-96d7-e13fbc0610fa) note=disk_fit
database_instance,iad,IAD,lamp_Database,lamp_Database,4579ebd6-0409-4ba3-86dc-83e94629dd6d,yes,,,,,5,,,,5c5f0730-3fe9-4f4c-9c0e-38669d269ca1,gp.0.2.2,2048,2,40,0.0390,0.94,28.08,Ubuntu 22.04,db_instance_to_linux_server,,,,,no,,local_boot_use_flavor_disk,,0,db_to_server_conversion;disk_fit;db_size_gb=5;datastore=mysql:5.7,gp.0.4.4 (3a805405-352f-4f5b-97e3-6d9fd178df38) note=disk_fit,gp.0.2.4 (4daf46f4-69f8-4057-9873-9160a93b1b0d) note=disk_fit,gp.0.1.4 (8145e6d5-0b75-446c-96d7-e13fbc0610fa) note=disk_fit
database_instance,iad,IAD,HAdbaasSql-03,HAdbaasSql-03,4988843f-7f1b-4a12-9a97-a5fefc011970,yes,,,,,5,,,,5c5f0730-3fe9-4f4c-9c0e-38669d269ca1,gp.0.2.2,2048,2,40,0.0390,0.94,28.08,Ubuntu 22.04,db_instance_to_linux_server,,,,,no,,local_boot_use_flavor_disk,,0,db_to_server_conversion;disk_fit;db_size_gb=5;datastore=mysql:8.0,gp.0.4.4 (3a805405-352f-4f5b-97e3-6d9fd178df38) note=disk_fit,gp.0.2.4 (4daf46f4-69f8-4057-9873-9160a93b1b0d) note=disk_fit,gp.0.1.4 (8145e6d5-0b75-446c-96d7-e13fbc0610fa) note=disk_fit
database_instance,iad,IAD,Stack-05_Database,Stack-05_Database,4d0ced3c-c5b5-4cf3-aa17-729cd74ce1e5,yes,,,,,5,,,,5c5f0730-3fe9-4f4c-9c0e-38669d269ca1,gp.0.2.2,2048,2,40,0.0390,0.94,28.08,Ubuntu 22.04,db_instance_to_linux_server,,,,,no,,local_boot_use_flavor_disk,,0,db_to_server_conversion;disk_fit;db_size_gb=5;datastore=mysql:5.7,gp.0.4.4 (3a805405-352f-4f5b-97e3-6d9fd178df38) note=disk_fit,gp.0.2.4 (4daf46f4-69f8-4057-9873-9160a93b1b0d) note=disk_fit,gp.0.1.4 (8145e6d5-0b75-446c-96d7-e13fbc0610fa) note=disk_fit
database_instance,iad,IAD,HAmysql-01,HAmysql-01,4d3ba66a-081c-411a-ba88-c5d3eae98644,yes,,,,,5,,,,5c5f0730-3fe9-4f4c-9c0e-38669d269ca1,gp.0.2.2,2048,2,40,0.0390,0.94,28.08,Ubuntu 22.04,db_instance_to_linux_server,,,,,no,,local_boot_use_flavor_disk,,0,db_to_server_conversion;disk_fit;db_size_gb=5;datastore=mysql:8.0,gp.0.4.4 (3a805405-352f-4f5b-97e3-6d9fd178df38) note=disk_fit,gp.0.2.4 (4daf46f4-69f8-4057-9873-9160a93b1b0d) note=disk_fit,gp.0.1.4 (8145e6d5-0b75-446c-96d7-e13fbc0610fa) note=disk_fit
database_instance,iad,IAD,mariad1,mariad1,4ddfa7e3-7dc4-46b0-9dcb-35ff8d85a92e,yes,,,,,5,,,,5c5f0730-3fe9-4f4c-9c0e-38669d269ca1,gp.0.2.2,2048,2,40,0.0390,0.94,28.08,Ubuntu 22.04,db_instance_to_linux_server,,,,,no,,local_boot_use_flavor_disk,,0,db_to_server_conversion;disk_fit;db_size_gb=5;datastore=mariadb:10.6,gp.0.4.4 (3a805405-352f-4f5b-97e3-6d9fd178df38) note=disk_fit,gp.0.2.4 (4daf46f4-69f8-4057-9873-9160a93b1b0d) note=disk_fit,gp.0.1.4 (8145e6d5-0b75-446c-96d7-e13fbc0610fa) note=disk_fit
database_instance,iad,IAD,hadbaas-vip-03,hadbaas-vip-03,4e15dd55-7c7c-4d08-9d2e-055fb7060d59,yes,,,,,5,,,,5c5f0730-3fe9-4f4c-9c0e-38669d269ca1,gp.0.2.2,2048,2,40,0.0390,0.94,28.08,Ubuntu 22.04,db_instance_to_linux_server,,,,,no,,local_boot_use_flavor_disk,,0,db_to_server_conversion;disk_fit;db_size_gb=5;datastore=mariadb:10.6,gp.0.4.4 (3a805405-352f-4f5b-97e3-6d9fd178df38) note=disk_fit,gp.0.2.4 (4daf46f4-69f8-4057-9873-9160a93b1b0d) note=disk_fit,gp.0.1.4 (8145e6d5-0b75-446c-96d7-e13fbc0610fa) note=disk_fit
database_instance,iad,IAD,Instance-21,Instance-21,53ed4836-2719-4058-b084-5ca6cffbf2b4,yes,,,,,5,,,,5c5f0730-3fe9-4f4c-9c0e-38669d269ca1,gp.0.2.2,2048,2,40,0.0390,0.94,28.08,Ubuntu 22.04,db_instance_to_linux_server,,,,,no,,local_boot_use_flavor_disk,,0,db_to_server_conversion;disk_fit;db_size_gb=5;datastore=percona:8.0,gp.0.4.4 (3a805405-352f-4f5b-97e3-6d9fd178df38) note=disk_fit,gp.0.2.4 (4daf46f4-69f8-4057-9873-9160a93b1b0d) note=disk_fit,gp.0.1.4 (8145e6d5-0b75-446c-96d7-e13fbc0610fa) note=disk_fit
database_instance,iad,IAD,mysql8instance,mysql8instance,5800f484-5abf-4ba3-97ad-fdf2645e9e07,yes,,,,,5,,,,5c5f0730-3fe9-4f4c-9c0e-38669d269ca1,gp.0.2.2,2048,2,40,0.0390,0.94,28.08,Ubuntu 22.04,db_instance_to_linux_server,,,,,no,,local_boot_use_flavor_disk,,0,db_to_server_conversion;disk_fit;db_size_gb=5;datastore=mysql:8.0,gp.0.4.4 (3a805405-352f-4f5b-97e3-6d9fd178df38) note=disk_fit,gp.0.2.4 (4daf46f4-69f8-4057-9873-9160a93b1b0d) note=disk_fit,gp.0.1.4 (8145e6d5-0b75-446c-96d7-e13fbc0610fa) note=disk_fit
database_instance,iad,IAD,sql,sql,5b05ea2c-c452-4069-97f3-f2bc80e7182f,yes,,,,,5,,,,5c5f0730-3fe9-4f4c-9c0e-38669d269ca1,gp.0.2.2,2048,2,40,0.0390,0.94,28.08,Ubuntu 22.04,db_instance_to_linux_server,,,,,no,,local_boot_use_flavor_disk,,0,db_to_server_conversion;disk_fit;db_size_gb=5;datastore=mysql:8.0,gp.0.4.4 (3a805405-352f-4f5b-97e3-6d9fd178df38) note=disk_fit,gp.0.2.4 (4daf46f4-69f8-4057-9873-9160a93b1b0d) note=disk_fit,gp.0.1.4 (8145e6d5-0b75-446c-96d7-e13fbc0610fa) note=disk_fit
database_instance,iad,IAD,Mariadb,Mariadb,5c916b27-aa26-4a6e-a488-64d6386b90c9,yes,,,,,5,,,,5c5f0730-3fe9-4f4c-9c0e-38669d269ca1,gp.0.2.2,2048,2,40,0.0390,0.94,28.08,Ubuntu 22.04,db_instance_to_linux_server,,,,,no,,local_boot_use_flavor_disk,,0,db_to_server_conversion;disk_fit;db_size_gb=5;datastore=mariadb:10.6,gp.0.4.4 (3a805405-352f-4f5b-97e3-6d9fd178df38) note=disk_fit,gp.0.2.4 (4daf46f4-69f8-4057-9873-9160a93b1b0d) note=disk_fit,gp.0.1.4 (8145e6d5-0b75-446c-96d7-e13fbc0610fa) note=disk_fit
database_instance,iad,IAD,hadbaas-vip-01,hadbaas-vip-01,6f7cf30a-1833-49d1-a500-059820a40333,yes,,,,,5,,,,5c5f0730-3fe9-4f4c-9c0e-38669d269ca1,gp.0.2.2,2048,2,40,0.0390,0.94,28.08,Ubuntu 22.04,db_instance_to_linux_server,,,,,no,,local_boot_use_flavor_disk,,0,db_to_server_conversion;disk_fit;db_size_gb=5;datastore=mariadb:10.6,gp.0.4.4 (3a805405-352f-4f5b-97e3-6d9fd178df38) note=disk_fit,gp.0.2.4 (4daf46f4-69f8-4057-9873-9160a93b1b0d) note=disk_fit,gp.0.1.4 (8145e6d5-0b75-446c-96d7-e13fbc0610fa) note=disk_fit
database_instance,iad,IAD,Instance-20,Instance-20,7a350577-6f75-48fc-aa8a-fa08a7a38664,yes,,,,,5,,,,5c5f0730-3fe9-4f4c-9c0e-38669d269ca1,gp.0.2.2,2048,2,40,0.0390,0.94,28.08,Ubuntu 22.04,db_instance_to_linux_server,,,,,no,,local_boot_use_flavor_disk,,0,db_to_server_conversion;disk_fit;db_size_gb=5;datastore=mysql:8.0,gp.0.4.4 (3a805405-352f-4f5b-97e3-6d9fd178df38) note=disk_fit,gp.0.2.4 (4daf46f4-69f8-4057-9873-9160a93b1b0d) note=disk_fit,gp.0.1.4 (8145e6d5-0b75-446c-96d7-e13fbc0610fa) note=disk_fit
