"Category","Details","Current Status"
"Workflow Stages","Stage 0: Customer Migration Tracker (Backlog management)
Stage 1: Discovery & Assessment (OSPC/FLEX scanning & topology import)
Stage 2: Migration Pipeline (Shift & Lift Images, REHOST Apps/DBs, Kubernetes)
Stage 3: Validation & UAT (Automated cross-cloud checks & HTTP health tests)
Stage 4: Cutover & Handover (Traffic split, DB promotion, final sync)
Stage 5: Post-Migration (Stability tracking, artifact bundle generation)
Stage 6: TCO / FinOps
Stage 7: IAC Backup & Restore (Terraform + Ansible)
Stage 8: GitOps / OpenCenter
Stage 9: AI OPS","Stage 2 VM shift and lift: ready
Server and DB rehost: ready
Windows VM migration: WIP
Stage 3 to 5: under construction<br>Stage 6 to 9: to be validated and build"
"Current Features (✅ Ready)","Single-Tab Mission Control: No CLI required, full GUI wrapper
Live Execution: Real-time logs streaming to browser
Visual Topology Designer: Drag-and-drop infra cloning
Offline Guest Repair: Pre-boot image patching for networks
Parallel Execution: Migrate multiple DBs/Servers simultaneously
No Database Required: Stateless backend (CSV + local browser storage)","READY"
"Available Migration Methods","Direct Shift & Lift (Images): Production Mode, External Offload, Direct Export

REHOST (Apps & Servers): Infra duplication, Full Clone, Quick Install

Database Replication: Dump & Restore, DBaaS Streaming, HA Replica

Kubernetes Migration: Genestack/Kubespray, OpenCenter (GitOps), Magnum export","All Shift and rehost READY
Windows VM migration: under Test
Stage 3 to 5: under construction<br>Stage 6 to 9: to be validated and build"
"Supported OS Types","Ubuntu (20.04, 22.04, 24.04)
Debian (10, 11, 12)
CentOS 7
RedHat 6, 8
Rocky Linux 8 / 9
AlmaLinux 8 / 9
Windows Server 2016 / 2019","Linux VM rehost set: ready
Windows VM set: under Test"
"Future / Upcoming","Stage 6: TCO / FinOps (Right-sizing + cost summary)
Stage 7: IAC Backup & Restore (Terraform + Ansible)
Stage 8: GitOps / OpenCenter
Stage 9: AI OPS (optimization + autorepair recommendations using GitOps)","under construction"
