start_fresh,asset_type,snapshot_name,snapshot_id,source_vm_name,os_distro,size_gb,disk_format,status,migratable,licensed,migration_method,reason,created_at
"true","glance_image","alma9-2gv1-snap-20260409001524","8f2a9f8f-6e75-47a1-aefd-cfb1363699bb","","alma","1.73","vhd","active","true","false","glance-export","downloadable saved image","2026-04-08"
"true","glance_image","alma9-2gv1-snap-20260409002305","18656bbf-813d-461e-88a9-0b6da3695e15","","alma","1.73","vhd","active","true","false","glance-export","downloadable saved image","2026-04-08"
"true","glance_image","alma9-2gv1-snap-20260409102531","9229e141-a1e7-4883-a8db-5174e1455956","","alma","1.74","vhd","active","true","false","glance-export","downloadable saved image","2026-04-09"
"true","glance_image","c7hwfix-20260425","53d597be-89ea-4c46-a169-dce0fb50b24b","","linux","1.15","vhd","active","true","false","glance-export","downloadable saved image","2026-04-25"
"true","glance_image","centos7-snap-20260416210941","477f0792-e508-4ab7-a458-fe67c05ed8fd","","centos","1.22","vhd","active","true","false","glance-export","downloadable saved image","2026-04-16"
"true","glance_image","centos7-snap-20260417001640","8683c70f-7032-42e0-a0cb-29be0d1acb9f","","centos","1.22","vhd","active","true","false","glance-export","downloadable saved image","2026-04-16"
"true","glance_image","centos7-snap-20260417091625","94c8e80a-34fd-4970-a4f8-1c742c0ad27e","","centos","1.22","vhd","active","true","false","glance-export","downloadable saved image","2026-04-17"
"true","glance_image","centos7-snap-20260417100802","8554a31c-7af0-4cef-961f-6dc7e335fe61","","centos","1.22","vhd","active","true","false","glance-export","downloadable saved image","2026-04-17"
"true","glance_image","centos7-snap-20260417101100","b514291f-83a4-4980-b4f9-1c7c71d0e091","","centos","1.22","vhd","active","true","false","glance-export","downloadable saved image","2026-04-17"
"true","glance_image","centos7-snap-20260417101921","290617f3-fcd2-4357-93ab-c5d23d67d3ac","","centos","1.22","vhd","active","true","false","glance-export","downloadable saved image","2026-04-17"
"true","glance_image","dbian10new","76ccdbbd-a82e-4524-ab6b-6b3d086941b3","","debian","0.76","vhd","active","true","false","glance-export","downloadable saved image","2026-05-16"
"true","glance_image","debian10","5b0a1bc9-9528-4c73-bced-35a0f65e4c58","","debian","0.75","vhd","active","true","false","glance-export","downloadable saved image","2026-05-16"
"true","glance_image","drupalphp","97215bb0-35fa-48d3-9572-796427b161c0","","centos","1.22","vhd","active","true","false","glance-export","downloadable saved image","2026-05-16"
"true","glance_image","lamp","d4b5dfb5-5c57-4416-9778-a3269b53ead5","","centos","1.22","vhd","active","true","false","glance-export","downloadable saved image","2026-05-16"
"true","glance_image","opscwin2016-20260508-093253-snap-202605080933","a04131d3-f141-4309-886a-2eed8e4a8437","","windows","6.2","vhd","active","true","true","cinder-only","licensed (com.rackspace__1__options=4) — Cinder volume required","2026-05-08"
"true","glance_image","opscwin2016-20260508-102916-snap-202605081029","c69780b2-625e-4ead-953a-3c65e894da24","","windows","6.2","vhd","active","true","true","cinder-only","licensed (com.rackspace__1__options=4) — Cinder volume required","2026-05-08"
"true","glance_image","opscwin2016-20260508-105705-snap-202605081057","ccf20257-ff19-4d38-84a3-a84e392cb71c","","windows","6.2","vhd","active","true","true","cinder-only","licensed (com.rackspace__1__options=4) — Cinder volume required","2026-05-08"
"true","glance_image","opscwin2016-20260508-115746-snap-202605081157","431b81b7-dd33-4c23-a4e2-c28fff30d1ae","","windows","6.21","vhd","active","true","true","cinder-only","licensed (com.rackspace__1__options=4) — Cinder volume required","2026-05-08"
"true","glance_image","opscwin2016-20260508-121357-snap-202605081214","8b6da88f-970c-4c3f-93b8-f0989a8b538c","","windows","6.21","vhd","active","true","true","cinder-only","licensed (com.rackspace__1__options=4) — Cinder volume required","2026-05-08"
"true","glance_image","opscwin2016-20260508-122404-snap-202605081224","221600a6-95e0-4321-b5d2-3ab03c0990cd","","windows","6.21","vhd","active","true","true","cinder-only","licensed (com.rackspace__1__options=4) — Cinder volume required","2026-05-08"
"false","glance_image","opscwin2016-20260508-123250-snap-202605081232","d4e120aa-ebd5-4b5f-863f-178bfb3a5948","","windows","6.21","vhd","active","true","true","cinder-only","licensed (com.rackspace__1__options=4) — Cinder volume required","2026-05-08"
"false","glance_image","opscwin2016-20260508-130840-snap-202605081308","145cdb83-1cd6-4e2e-8fb9-28c48c3d0f10","","windows","6.22","vhd","active","true","true","cinder-only","licensed (com.rackspace__1__options=4) — Cinder volume required","2026-05-08"
"false","glance_image","opscwin2016-20260508-143503-snap-202605081435","c8f7b025-1214-47f3-b8cb-1b8bd35e5493","","windows","6.21","vhd","active","true","true","cinder-only","licensed (com.rackspace__1__options=4) — Cinder volume required","2026-05-08"
"false","glance_image","opscwin2016-20260508-155450-snap-202605081554","3202f628-b0d3-4fda-b407-e81ccc064f1f","","windows","6.21","vhd","active","true","true","cinder-only","licensed (com.rackspace__1__options=4) — Cinder volume required","2026-05-08"
"false","glance_image","opscwin2016-20260508-160234-snap-202605081602","c12a7807-f922-4079-abd5-63895fcb8137","","windows","6.21","vhd","active","true","true","cinder-only","licensed (com.rackspace__1__options=4) — Cinder volume required","2026-05-08"
"false","glance_image","opscwin2016-20260508-161529-snap-202605081615","70c924b0-5272-4a2a-9703-d871ee98be35","","windows","6.21","vhd","active","true","true","cinder-only","licensed (com.rackspace__1__options=4) — Cinder volume required","2026-05-08"
"false","glance_image","opscwin2016-20260509-094719-snap-202605090947","e5d9acd0-2af1-471c-812f-8985292c3a5c","","windows","10.79","vhd","active","true","true","cinder-only","licensed (com.rackspace__1__options=4) — Cinder volume required","2026-05-09"
"false","glance_image","opscwin2016-20260509-144059-snap-202605091441","dd803810-1efa-402b-8015-303e72170717","","windows","10.79","vhd","active","true","true","cinder-only","licensed (com.rackspace__1__options=4) — Cinder volume required","2026-05-09"
"false","glance_image","opscwin2016-20260509-150218-snap-202605091502","1e149a8b-1920-4c1d-9cdd-6adc39b02ef9","","windows","10.79","vhd","active","true","true","cinder-only","licensed (com.rackspace__1__options=4) — Cinder volume required","2026-05-09"
"false","glance_image","opscwin2016-20260509-153303-snap-202605091533","50791971-af21-41e4-b4ec-77842c4507dd","","windows","10.79","vhd","active","true","true","cinder-only","licensed (com.rackspace__1__options=4) — Cinder volume required","2026-05-09"
"false","glance_image","opscwin2016-20260509-154927-snap-202605091549","3fd61cc0-0be5-4bb1-abad-3c57ae530750","","windows","10.79","vhd","active","true","true","cinder-only","licensed (com.rackspace__1__options=4) — Cinder volume required","2026-05-09"
"false","glance_image","opscwin2016-20260509-161905-snap-202605091619","83c2cfd5-b479-4898-b7c9-f0930498f617","","windows","10.79","vhd","active","true","true","cinder-only","licensed (com.rackspace__1__options=4) — Cinder volume required","2026-05-09"
"false","glance_image","opscwin2016-20260510-104354-snap-202605101044","1ffe6fc1-a3e1-4a69-9151-a145d965d10e","","windows","10.81","vhd","active","true","true","cinder-only","licensed (com.rackspace__1__options=4) — Cinder volume required","2026-05-10"
"true","glance_image","ospc2flex-win2016-snap-202604291158","76d17747-c0f6-48e5-9c18-cc350ad98b8f","","windows","11.3","vhd","active","true","true","cinder-only","licensed (com.rackspace__1__options=4) — Cinder volume required","2026-04-29"
"true","glance_image","php-ospc-snap-20260409012440","a4e706ff-b275-4de8-9c81-43018fe9644d","","centos","1.21","vhd","active","true","false","glance-export","downloadable saved image","2026-04-08"
"true","glance_image","rocky9","c4b7705e-0017-4bad-9e24-b3f8e2d22fa5","","rocky","1.33","vhd","active","true","false","glance-export","downloadable saved image","2026-05-16"
"true","glance_image","u20","1778958b-9639-4a9f-8560-3fab4e9b301a","","ubuntu","1.86","vhd","active","true","false","glance-export","downloadable saved image","2026-05-16"
"true","glance_image","u24-FrontEnd-snap-20260407153122","8b3829a8-95df-41a2-81e7-7c7450134cbb","","ubuntu","15.78","vhd","active","true","false","glance-export","downloadable saved image","2026-04-07"
"true","glance_image","u24-FrontEnd-snap-20260407161838","41e1b942-bc91-4b76-b6c6-87805b44229e","","ubuntu","15.78","vhd","active","true","false","glance-export","downloadable saved image","2026-04-07"
"true","glance_image","u24-FrontEnd-snap-20260407170807","96d8567e-f830-4c1d-8938-fb2b47347b39","","ubuntu","15.78","vhd","active","true","false","glance-export","downloadable saved image","2026-04-07"
"true","glance_image","u24-FrontEnd-snap-20260407181759","6aa7fa17-3e46-430f-9d60-d977c8aeb2a6","","ubuntu","15.7","vhd","active","true","false","glance-export","downloadable saved image","2026-04-07"
"true","glance_image","u24-FrontEnd-snap-20260407205630","5f9892f4-f92e-4500-a9b8-539339088db3","","ubuntu","15.74","vhd","active","true","false","glance-export","downloadable saved image","2026-04-07"
"true","glance_image","u24-FrontEnd-snap-20260407212555","e74b5379-87e5-4c3e-9268-0cdc1a005586","","ubuntu","15.74","vhd","active","true","false","glance-export","downloadable saved image","2026-04-07"
"true","glance_image","u24-FrontEnd-snap-20260408012347","322c2990-b1a0-421a-91e3-9a64c3708dad","","ubuntu","28.83","vhd","active","true","false","glance-export","downloadable saved image","2026-04-07"
"true","glance_image","u24-FrontEnd-snap-20260408093638","f7c27b92-2438-4155-b405-3af023473ec5","","ubuntu","35.95","vhd","active","true","false","glance-export","downloadable saved image","2026-04-08"
"true","glance_image","u24-FrontEnd-snap-20260408131920","2f8e7a5a-3df3-464d-8838-e5fd5934c7c6","","ubuntu","16.76","vhd","active","true","false","glance-export","downloadable saved image","2026-04-08"
"true","glance_image","u24-FrontEnd-snap-20260408162147","d9184066-5ea7-402c-bceb-0cac376d3b8e","","ubuntu","17.06","vhd","active","true","false","glance-export","downloadable saved image","2026-04-08"
"true","glance_image","u24-FrontEnd-snap-20260408171733","d46c1fca-91dd-4a16-8f43-325bf1381c75","","ubuntu","17.22","vhd","active","true","false","glance-export","downloadable saved image","2026-04-08"
"true","glance_image","u24-FrontEnd-snap-20260408174801","7e5cb6e8-a9ca-4b86-b6d0-5d067737ade7","","ubuntu","17.22","vhd","active","true","false","glance-export","downloadable saved image","2026-04-08"
"true","glance_image","u24-FrontEnd-snap-20260408182130","c1a59cf4-a9af-4432-8104-7b98a04aa107","","ubuntu","17.22","vhd","active","true","false","glance-export","downloadable saved image","2026-04-08"
"true","glance_image","u24-FrontEnd-snap-20260408183132","5f1d521b-cffc-4e00-9f99-5392127a7441","","ubuntu","17.22","vhd","active","true","false","glance-export","downloadable saved image","2026-04-08"
"true","glance_image","u24-FrontEnd-snap-20260408214939","8dce416b-dd87-4c27-bf57-8837637c3535","","ubuntu","17.56","vhd","active","true","false","glance-export","downloadable saved image","2026-04-08"
"true","glance_image","u24-FrontEnd-snap-20260408224606","f4782f13-1757-4fe3-8574-d3fd23589cae","","ubuntu","17.56","vhd","active","true","false","glance-export","downloadable saved image","2026-04-08"
"true","glance_image","u24-FrontEnd-snap-20260409000959","eb3e5cdb-c2f3-48a2-807e-de8b0f625fdf","","ubuntu","17.57","vhd","active","true","false","glance-export","downloadable saved image","2026-04-08"
"false","glance_image","u24-FrontEnd-snap-20260409012440","00cadda5-dbf5-4c3b-b392-770764e42907","","ubuntu","17.57","vhd","active","true","false","glance-export","downloadable saved image","2026-04-08"
"true","glance_image","u24-FrontEnd-snap-20260409015446","062d57f5-7de3-4271-9644-13414441e182","","ubuntu","17.57","vhd","active","true","false","glance-export","downloadable saved image","2026-04-08"
"true","glance_image","u24-FrontEnd-snap-20260409102531","a927410b-0df3-4099-bfaa-d31aac209ff8","","ubuntu","17.57","vhd","active","true","false","glance-export","downloadable saved image","2026-04-09"
"true","glance_image","u24-FrontEnd-snap-20260409104711","23481171-7e80-41f9-bd90-c71b3638eebb","","ubuntu","17.57","vhd","active","true","false","glance-export","downloadable saved image","2026-04-09"
"true","glance_image","u24-FrontEnd-snap-20260409112903","046bfa92-c8d8-4645-a218-92875d80e042","","ubuntu","17.57","vhd","active","true","false","glance-export","downloadable saved image","2026-04-09"
"true","glance_image","u24-FrontEnd-snap-20260409120306","f7dc6319-005e-4d58-b3f3-0d134bbca744","","ubuntu","17.57","vhd","active","true","false","glance-export","downloadable saved image","2026-04-09"
"true","glance_image","u24-FrontEnd-snap-20260409133417","1c59ebf8-2c3a-46f1-8df0-565bf4927849","","ubuntu","17.67","vhd","active","true","false","glance-export","downloadable saved image","2026-04-09"
"true","glance_image","u24-FrontEnd-snap-20260417091616","d3947067-deaf-4a1f-9ac1-4c2103b51b42","","ubuntu","18.81","vhd","active","true","false","glance-export","downloadable saved image","2026-04-17"
"true","glance_image","u24-postgresl-snap-20260407132055","3386ed7b-eee5-4a14-b7d7-f94ac54cc1a6","","ubuntu","1.58","vhd","active","true","false","glance-export","downloadable saved image","2026-04-07"
"true","glance_image","u24-postgresl-snap-20260407135336","138cfe49-166f-4e80-8646-7c925aa61e64","","ubuntu","1.63","vhd","active","true","false","glance-export","downloadable saved image","2026-04-07"
"true","glance_image","u24-postgresl-snap-20260407135908","6088d37d-a188-4fd2-ae3d-30f6cb3a3e7b","","ubuntu","1.63","vhd","active","true","false","glance-export","downloadable saved image","2026-04-07"
"true","glance_image","u24-postgresl-snap-20260407141745","44881ac3-4a16-4f86-8431-0d95d73e9e82","","ubuntu","1.63","vhd","active","true","false","glance-export","downloadable saved image","2026-04-07"
"true","glance_image","u24-postgresl-snap-20260407142728","703ec306-6063-4f8c-ba9c-f6b9d25f5baa","","ubuntu","1.63","vhd","active","true","false","glance-export","downloadable saved image","2026-04-07"
"true","glance_image","u24-postgresl-snap-20260407143132","f224f82b-6aae-4310-a044-60b774d2e9d1","","ubuntu","1.63","vhd","active","true","false","glance-export","downloadable saved image","2026-04-07"
"true","glance_image","u24-postgresl-snap-20260407144128","03484957-ae38-4377-9c18-cb8e52d68371","","ubuntu","1.63","vhd","active","true","false","glance-export","downloadable saved image","2026-04-07"
"true","glance_image","u24-postgresl-snap-20260407144735","9c46d092-4f1b-4688-93d4-4a6c1a139576","","ubuntu","1.63","vhd","active","true","false","glance-export","downloadable saved image","2026-04-07"
"true","glance_image","u24-postgresl-snap-20260408215120","762d12bd-c490-4d4c-9c56-449f61d89f28","","ubuntu","36.17","vhd","active","true","false","glance-export","downloadable saved image","2026-04-08"
"true","glance_image","u24-postgresl-snap-20260408224606","9b97c10c-b1ee-41cf-8714-9461d24177c9","","ubuntu","36.16","vhd","active","true","false","glance-export","downloadable saved image","2026-04-08"
"true","glance_image","u24-postgresl-snap-20260409015446","edf60418-0d33-4ae6-9995-cee17f7a8654","","ubuntu","36.16","vhd","active","true","false","glance-export","downloadable saved image","2026-04-08"
"true","glance_image","u24-postgresl-snap-20260409102534","cc75a222-801a-4c91-a099-b13c22246db1","","ubuntu","36.16","vhd","active","true","false","glance-export","downloadable saved image","2026-04-09"
"true","glance_image","u24Backend-snap-20260407132052","cbe31602-4044-49cd-862a-5b9de5d3b860","","ubuntu","2.36","vhd","active","true","false","glance-export","downloadable saved image","2026-04-07"
"true","glance_image","u24Backend-snap-20260407135344","851824c4-8c31-4508-97c5-470541f5babb","","ubuntu","2.36","vhd","active","true","false","glance-export","downloadable saved image","2026-04-07"
"true","glance_image","u24Backend-snap-20260407135908","ae9e2ec4-5ba8-4fd4-800c-c106c6964ec4","","ubuntu","2.36","vhd","active","true","false","glance-export","downloadable saved image","2026-04-07"
"true","glance_image","u24Backend-snap-20260407144126","763531b9-5026-4d24-9ff4-fe3cd522d620","","ubuntu","2.36","vhd","active","true","false","glance-export","downloadable saved image","2026-04-07"
"true","glance_image","u24Backend-snap-20260407144732","d6ca9c7e-dd15-45c7-8057-07b27257dda4","","ubuntu","2.36","vhd","active","true","false","glance-export","downloadable saved image","2026-04-07"
"true","glance_image","u24Backend-snap-20260408013329","33a20140-1aa5-4f39-8b86-ae3ce32ccc2c","","ubuntu","12.36","vhd","active","true","false","glance-export","downloadable saved image","2026-04-07"
"true","glance_image","u24Backend-snap-20260408214936","c79efc38-6e3c-4aee-9bb2-a18a6d03fbab","","ubuntu","36.13","vhd","active","true","false","glance-export","downloadable saved image","2026-04-08"
"true","glance_image","u24Backend-snap-20260408224606","4adb48f9-2257-47a4-b344-59d30d76c29b","","ubuntu","36.13","vhd","active","true","false","glance-export","downloadable saved image","2026-04-08"
"true","glance_image","u24Backend-snap-20260409015739","56ecaad1-1cb7-4a9c-bec8-9877e0ba7733","","ubuntu","36.13","vhd","active","true","false","glance-export","downloadable saved image","2026-04-08"
"true","glance_image","u24Backend-snap-20260409104712","bb8273e3-b00f-4536-aec1-e4f445e1a6d3","","ubuntu","36.13","vhd","active","true","false","glance-export","downloadable saved image","2026-04-09"
"true","glance_image","u24Backend-snap-20260409112908","7a24c309-39d1-45d0-9d0d-587a07aa15e7","","ubuntu","36.13","vhd","active","true","false","glance-export","downloadable saved image","2026-04-09"
"true","volume_snapshot","vol-snap-3fc959b2","3fc959b2-4b7f-435c-8d95-e2b0eb09d5df","1a829f75-2502-434c-8b83-622c3ef0e7ee","","50","raw","available","true","false","cinder-export","volume snapshot — exportable","2026-05-16"
"true","volume_snapshot","vol-snap-5e63a266","5e63a266-99d6-42d4-b859-3c4db273c083","b3578e10-bbb5-4680-9ba6-ce7b9b6499a0","","50","raw","available","true","false","cinder-export","volume snapshot — exportable","2026-05-16"
"true","volume_snapshot","vol-snap-c34ad75f","c34ad75f-022c-44fb-ad22-a20e00cc2b71","8e7ea268-58cb-4678-9e7a-eee0bd8376bc","","50","raw","available","true","false","cinder-export","volume snapshot — exportable","2026-05-16"
"false","volume_snapshot","vol-snap-d38b9d32","d38b9d32-944b-4304-ac85-f700442c20ed","342dd659-32da-49be-9ab7-8a2318d39871","","75","raw","available","true","false","cinder-export","volume snapshot — exportable","2026-03-25"
"false","volume_snapshot","vol-snap-f13493e5","f13493e5-2f63-4aa6-8dfa-385845e096a3","df948052-f09e-40a3-9e71-99dd767a46f3","","75","raw","available","true","false","cinder-export","volume snapshot — exportable","2026-03-25"
"true","volume_snapshot","vol-snap-fb5fa6fd","fb5fa6fd-47e5-4275-9254-cff289c4113d","fc572074-c19e-4348-ab51-d6f055f284e1","","75","raw","available","true","false","cinder-export","volume snapshot — exportable","2026-05-15"
"true","glance_image","win2019-snap-202604220708","cd203a46-a760-40e7-9a87-86339e47ce80","","windows","6.19","vhd","active","true","true","cinder-only","licensed (com.rackspace__1__options=4) — Cinder volume required","2026-04-22"
"true","glance_image","win2019-snap-202604231450","111dc91d-d5f9-4b60-8de5-135cb5398338","","windows","8.66","vhd","active","true","true","cinder-only","licensed (com.rackspace__1__options=4) — Cinder volume required","2026-04-23"
"true","glance_image","win2019-snap-202604231523","18b288f2-34cb-4aac-8e14-4fdb4af9206e","","windows","8.66","vhd","active","true","true","cinder-only","licensed (com.rackspace__1__options=4) — Cinder volume required","2026-04-23"
"false","glance_image","win2019ospc","07468487-0ce5-4d7b-8065-808954f21f51","","windows","6.8","vhd","active","true","true","cinder-only","licensed (com.rackspace__1__options=4) — Cinder volume required","2026-04-22"
"true","glance_image","Windows Server 2019Re-snap-20260409015319","5bda1f8e-5144-4085-bc6d-3843c0744eb1","","windows","9.23","vhd","active","true","true","cinder-only","licensed (com.rackspace__1__options=4) — Cinder volume required","2026-04-08"
"true","glance_image","Windows Server 2019Re-snap-20260416211842","67a06650-0f4d-4a54-a188-7231a678a3c1","","windows","10.2","vhd","active","true","true","cinder-only","licensed (com.rackspace__1__options=4) — Cinder volume required","2026-04-16"
"true","glance_image","Windows Server 2019Re-snap-20260417000935","ea39e66f-06a7-45a9-a3ae-c8d45ca55dce","","windows","10.2","vhd","active","true","true","cinder-only","licensed (com.rackspace__1__options=4) — Cinder volume required","2026-04-16"
"true","glance_image","Windows Server 2019Re-snap-20260417001640","74530a11-1266-4339-abe2-e557ec86c25b","","windows","10.2","vhd","active","true","true","cinder-only","licensed (com.rackspace__1__options=4) — Cinder volume required","2026-04-16"
"true","glance_image","Windows Server 2019Re-snap-20260417010737","7fc6d12c-d0e2-4fe5-8808-7a90d6d89b8b","","windows","10.2","vhd","active","true","true","cinder-only","licensed (com.rackspace__1__options=4) — Cinder volume required","2026-04-16"
"true","glance_image","Windows Server 2019Re-snap-20260417091630","9db9e0b8-2983-4ac0-a535-c7c6e66082e6","","windows","10.2","vhd","active","true","true","cinder-only","licensed (com.rackspace__1__options=4) — Cinder volume required","2026-04-17"
"true","glance_image","Windows Server 2019Re-snap-20260417101447","a057ab1a-2d18-4318-9d58-c12f634b625a","","windows","10.2","vhd","active","true","true","cinder-only","licensed (com.rackspace__1__options=4) — Cinder volume required","2026-04-17"
"true","glance_image","windows2016-snap-202604220713","f7d0010d-67c9-432c-8970-a5bd04b2a983","","windows","6.02","vhd","active","true","true","cinder-only","licensed (com.rackspace__1__options=4) — Cinder volume required","2026-04-22"
"true","glance_image","windows2016-snap-202604231450","bb36f98d-1bda-4b2d-b6cb-089b756963fe","","windows","11.2","vhd","active","true","true","cinder-only","licensed (com.rackspace__1__options=4) — Cinder volume required","2026-04-23"
"true","glance_image","windows2016-snap-202604231523","aea39a50-dc0b-430f-9c14-1cf2fd1b4290","","windows","11.2","vhd","active","true","true","cinder-only","licensed (com.rackspace__1__options=4) — Cinder volume required","2026-04-23"
"true","glance_image","windows2016-snap-202604240212","de33b6c4-e247-42cb-a032-e8a389697ceb","","windows","11.2","vhd","active","true","true","cinder-only","licensed (com.rackspace__1__options=4) — Cinder volume required","2026-04-24"
"true","glance_image","windows2016opsc","7b60b2ec-2038-4573-8de9-e8b6d26f2b16","","windows","6.26","vhd","active","true","true","cinder-only","licensed (com.rackspace__1__options=4) — Cinder volume required","2026-04-22"
"true","glance_image","windows_2016-104.130.26.194-snap-202604290813","29b9305c-27b5-4c87-b0d7-9a19a0bfdda5","","windows","11.33","vhd","active","true","true","cinder-only","licensed (com.rackspace__1__options=4) — Cinder volume required","2026-04-29"